,Country,Year,Employment_services_female (%)
0,Afghanistan,2001,9.77
1,Afghanistan,2002,9.84
2,Afghanistan,2003,10.1
3,Afghanistan,2004,9.98
4,Afghanistan,2005,10.38
5,Afghanistan,2006,10.57
6,Afghanistan,2007,10.93
7,Afghanistan,2008,10.92
8,Afghanistan,2009,10.97
9,Afghanistan,2010,10.65
10,Afghanistan,2011,10.3
11,Afghanistan,2012,10.07
12,Afghanistan,2013,9.9
13,Afghanistan,2014,9.73
14,Afghanistan,2015,9.53
15,Afghanistan,2016,9.51
16,Afghanistan,2017,9.5
17,Afghanistan,2018,9.72
18,Afghanistan,2019,10.02
19,Africa Eastern and Southern,2001,24.39
20,Africa Eastern and Southern,2002,24.06
21,Africa Eastern and Southern,2003,24.1
22,Africa Eastern and Southern,2004,24.46
23,Africa Eastern and Southern,2005,24.44
24,Africa Eastern and Southern,2006,25.04
25,Africa Eastern and Southern,2007,25.66
26,Africa Eastern and Southern,2008,26.57
27,Africa Eastern and Southern,2009,27.02
28,Africa Eastern and Southern,2010,27.29
29,Africa Eastern and Southern,2011,27.98
30,Africa Eastern and Southern,2012,28.88
31,Africa Eastern and Southern,2013,29.47
32,Africa Eastern and Southern,2014,30.18
33,Africa Eastern and Southern,2015,30.85
34,Africa Eastern and Southern,2016,31.32
35,Africa Eastern and Southern,2017,31.89
36,Africa Eastern and Southern,2018,32.43
37,Africa Eastern and Southern,2019,32.93
38,Africa Western and Central,2001,35.57
39,Africa Western and Central,2002,36.51
40,Africa Western and Central,2003,37.2
41,Africa Western and Central,2004,37.93
42,Africa Western and Central,2005,38.79
43,Africa Western and Central,2006,39.59
44,Africa Western and Central,2007,40.59
45,Africa Western and Central,2008,41.82
46,Africa Western and Central,2009,42.99
47,Africa Western and Central,2010,44.29
48,Africa Western and Central,2011,45.45
49,Africa Western and Central,2012,46.56
50,Africa Western and Central,2013,47.51
51,Africa Western and Central,2014,48.58
52,Africa Western and Central,2015,49.74
53,Africa Western and Central,2016,50.44
54,Africa Western and Central,2017,51.12
55,Africa Western and Central,2018,51.82
56,Africa Western and Central,2019,52.53
57,Albania,2001,30.01
58,Albania,2002,30.78
59,Albania,2003,31.66
60,Albania,2004,32.17
61,Albania,2005,32.57
62,Albania,2006,33.27
63,Albania,2007,33.86
64,Albania,2008,34.26
65,Albania,2009,32.52
66,Albania,2010,36.27
67,Albania,2011,34.21
68,Albania,2012,32.44
69,Albania,2013,36.59
70,Albania,2014,38.37
71,Albania,2015,38.29
72,Albania,2016,39.93
73,Albania,2017,42.45
74,Albania,2018,42.06
75,Albania,2019,42.06
76,Algeria,2001,57.17
77,Algeria,2002,59.63
78,Algeria,2003,62.01
79,Algeria,2004,63.75
80,Algeria,2005,65.09
81,Algeria,2006,66.78
82,Algeria,2007,68.24
83,Algeria,2008,69.59
84,Algeria,2009,71.08
85,Algeria,2010,72.16
86,Algeria,2011,73.21
87,Algeria,2012,72.96
88,Algeria,2013,72.79
89,Algeria,2014,72.53
90,Algeria,2015,72.28
91,Algeria,2016,72.04
92,Algeria,2017,71.8
93,Algeria,2018,72.49
94,Algeria,2019,73.13
95,Angola,2001,54.08
96,Angola,2002,54.22
97,Angola,2003,54.19
98,Angola,2004,53.93
99,Angola,2005,52.23
100,Angola,2006,50.65
101,Angola,2007,49.16
102,Angola,2008,47.51
103,Angola,2009,45.97
104,Angola,2010,43.37
105,Angola,2011,40.88
106,Angola,2012,40.48
107,Angola,2013,40.49
108,Angola,2014,40.78
109,Angola,2015,41.19
110,Angola,2016,41.48
111,Angola,2017,41.84
112,Angola,2018,42.0
113,Angola,2019,42.3
114,Argentina,2001,89.24
115,Argentina,2002,90.09
116,Argentina,2003,87.79
117,Argentina,2004,88.17
118,Argentina,2005,88.6
119,Argentina,2006,88.83
120,Argentina,2007,89.1
121,Argentina,2008,89.41
122,Argentina,2009,89.92
123,Argentina,2010,90.17
124,Argentina,2011,89.69
125,Argentina,2012,90.19
126,Argentina,2013,90.79
127,Argentina,2014,91.45
128,Argentina,2015,91.27
129,Argentina,2016,91.09
130,Argentina,2017,90.82
131,Argentina,2018,90.81
132,Argentina,2019,90.77
133,Armenia,2001,44.11
134,Armenia,2002,44.76
135,Armenia,2003,45.51
136,Armenia,2004,46.21
137,Armenia,2005,46.89
138,Armenia,2006,47.72
139,Armenia,2007,48.27
140,Armenia,2008,48.58
141,Armenia,2009,48.87
142,Armenia,2010,46.91
143,Armenia,2011,48.0
144,Armenia,2012,48.48
145,Armenia,2013,48.78
146,Armenia,2014,51.37
147,Armenia,2015,52.39
148,Armenia,2016,55.23
149,Armenia,2017,56.35
150,Armenia,2018,60.45
151,Armenia,2019,61.71
152,Australia,2001,87.04
153,Australia,2002,87.44
154,Australia,2003,87.84
155,Australia,2004,87.96
156,Australia,2005,88.24
157,Australia,2006,88.57
158,Australia,2007,88.87
159,Australia,2008,88.47
160,Australia,2009,88.89
161,Australia,2010,89.1
162,Australia,2011,89.58
163,Australia,2012,89.72
164,Australia,2013,90.03
165,Australia,2014,90.06
166,Australia,2015,90.49
167,Australia,2016,90.42
168,Australia,2017,90.72
169,Australia,2018,90.18
170,Australia,2019,90.83
171,Austria,2001,79.92
172,Austria,2002,80.96
173,Austria,2003,81.15
174,Austria,2004,81.85
175,Austria,2005,81.82
176,Austria,2006,81.3
177,Austria,2007,81.41
178,Austria,2008,82.51
179,Austria,2009,83.38
180,Austria,2010,83.54
181,Austria,2011,82.9
182,Austria,2012,83.1
183,Austria,2013,82.81
184,Austria,2014,82.74
185,Austria,2015,83.65
186,Austria,2016,84.09
187,Austria,2017,84.92
188,Austria,2018,84.86
189,Austria,2019,85.05
190,Azerbaijan,2001,49.99
191,Azerbaijan,2002,53.19
192,Azerbaijan,2003,53.43
193,Azerbaijan,2004,53.69
194,Azerbaijan,2005,53.97
195,Azerbaijan,2006,52.65
196,Azerbaijan,2007,54.28
197,Azerbaijan,2008,53.27
198,Azerbaijan,2009,50.29
199,Azerbaijan,2010,49.38
200,Azerbaijan,2011,49.89
201,Azerbaijan,2012,49.88
202,Azerbaijan,2013,50.45
203,Azerbaijan,2014,51.18
204,Azerbaijan,2015,52.06
205,Azerbaijan,2016,51.87
206,Azerbaijan,2017,51.84
207,Azerbaijan,2018,52.07
208,Azerbaijan,2019,52.29
209,"Bahamas, The",2001,92.49
210,"Bahamas, The",2002,94.07
211,"Bahamas, The",2003,93.93
212,"Bahamas, The",2004,94.46
213,"Bahamas, The",2005,94.6
214,"Bahamas, The",2006,94.47
215,"Bahamas, The",2007,94.38
216,"Bahamas, The",2008,95.11
217,"Bahamas, The",2009,95.85
218,"Bahamas, The",2010,95.95
219,"Bahamas, The",2011,96.11
220,"Bahamas, The",2012,96.17
221,"Bahamas, The",2013,96.31
222,"Bahamas, The",2014,96.43
223,"Bahamas, The",2015,96.55
224,"Bahamas, The",2016,96.65
225,"Bahamas, The",2017,96.67
226,"Bahamas, The",2018,96.7
227,"Bahamas, The",2019,96.75
228,Bahrain,2001,86.39
229,Bahrain,2002,87.42
230,Bahrain,2003,88.32
231,Bahrain,2004,89.07
232,Bahrain,2005,89.68
233,Bahrain,2006,90.15
234,Bahrain,2007,90.47
235,Bahrain,2008,90.69
236,Bahrain,2009,90.99
237,Bahrain,2010,90.91
238,Bahrain,2011,91.02
239,Bahrain,2012,90.99
240,Bahrain,2013,90.88
241,Bahrain,2014,90.78
242,Bahrain,2015,90.75
243,Bahrain,2016,90.85
244,Bahrain,2017,90.99
245,Bahrain,2018,91.19
246,Bahrain,2019,91.39
247,Bangladesh,2001,13.48
248,Bangladesh,2002,14.5
249,Bangladesh,2003,15.58
250,Bangladesh,2004,16.73
251,Bangladesh,2005,17.93
252,Bangladesh,2006,19.28
253,Bangladesh,2007,19.7
254,Bangladesh,2008,20.2
255,Bangladesh,2009,20.76
256,Bangladesh,2010,21.39
257,Bangladesh,2011,21.08
258,Bangladesh,2012,20.85
259,Bangladesh,2013,20.69
260,Bangladesh,2014,20.62
261,Bangladesh,2015,20.61
262,Bangladesh,2016,20.66
263,Bangladesh,2017,23.36
264,Bangladesh,2018,24.17
265,Bangladesh,2019,24.77
266,Barbados,2001,86.66
267,Barbados,2002,87.07
268,Barbados,2003,87.58
269,Barbados,2004,89.31
270,Barbados,2005,89.87
271,Barbados,2006,90.57
272,Barbados,2007,90.42
273,Barbados,2008,90.39
274,Barbados,2009,90.23
275,Barbados,2010,89.38
276,Barbados,2011,89.28
277,Barbados,2012,88.89
278,Barbados,2013,88.52
279,Barbados,2014,88.79
280,Barbados,2015,88.75
281,Barbados,2016,88.81
282,Barbados,2017,89.01
283,Barbados,2018,89.19
284,Barbados,2019,89.41
285,Belarus,2001,64.49
286,Belarus,2002,65.24
287,Belarus,2003,65.96
288,Belarus,2004,66.7
289,Belarus,2005,67.43
290,Belarus,2006,67.99
291,Belarus,2007,68.57
292,Belarus,2008,69.08
293,Belarus,2009,69.55
294,Belarus,2010,70.19
295,Belarus,2011,70.6
296,Belarus,2012,71.25
297,Belarus,2013,71.68
298,Belarus,2014,72.26
299,Belarus,2015,72.95
300,Belarus,2016,73.48
301,Belarus,2017,73.02
302,Belarus,2018,73.25
303,Belarus,2019,73.74
304,Belgium,2001,87.25
305,Belgium,2002,86.44
306,Belgium,2003,87.35
307,Belgium,2004,87.58
308,Belgium,2005,87.2
309,Belgium,2006,87.99
310,Belgium,2007,87.69
311,Belgium,2008,88.69
312,Belgium,2009,89.3
313,Belgium,2010,89.04
314,Belgium,2011,89.44
315,Belgium,2012,90.68
316,Belgium,2013,90.59
317,Belgium,2014,90.85
318,Belgium,2015,90.91
319,Belgium,2016,91.08
320,Belgium,2017,90.72
321,Belgium,2018,90.82
322,Belgium,2019,90.97
323,Belize,2001,83.66
324,Belize,2002,84.4
325,Belize,2003,85.15
326,Belize,2004,85.85
327,Belize,2005,86.5
328,Belize,2006,86.55
329,Belize,2007,86.67
330,Belize,2008,86.76
331,Belize,2009,86.96
332,Belize,2010,87.07
333,Belize,2011,87.14
334,Belize,2012,87.25
335,Belize,2013,87.37
336,Belize,2014,87.52
337,Belize,2015,87.43
338,Belize,2016,86.07
339,Belize,2017,85.51
340,Belize,2018,85.86
341,Belize,2019,86.05
342,Benin,2001,39.01
343,Benin,2002,39.81
344,Benin,2003,40.42
345,Benin,2004,41.32
346,Benin,2005,41.84
347,Benin,2006,42.63
348,Benin,2007,43.58
349,Benin,2008,44.46
350,Benin,2009,45.1
351,Benin,2010,45.69
352,Benin,2011,46.61
353,Benin,2012,47.53
354,Benin,2013,48.54
355,Benin,2014,49.54
356,Benin,2015,50.13
357,Benin,2016,51.17
358,Benin,2017,52.1
359,Benin,2018,53.1
360,Benin,2019,54.08
361,Bhutan,2001,19.51
362,Bhutan,2002,19.97
363,Bhutan,2003,20.51
364,Bhutan,2004,21.15
365,Bhutan,2005,21.81
366,Bhutan,2006,22.34
367,Bhutan,2007,23.29
368,Bhutan,2008,24.56
369,Bhutan,2009,26.0
370,Bhutan,2010,27.42
371,Bhutan,2011,23.15
372,Bhutan,2012,23.8
373,Bhutan,2013,23.53
374,Bhutan,2014,24.81
375,Bhutan,2015,24.46
376,Bhutan,2016,24.78
377,Bhutan,2017,25.51
378,Bhutan,2018,26.05
379,Bhutan,2019,26.43
380,Bolivia,2001,48.77
381,Bolivia,2002,50.19
382,Bolivia,2003,54.68
383,Bolivia,2004,54.66
384,Bolivia,2005,50.27
385,Bolivia,2006,50.66
386,Bolivia,2007,52.74
387,Bolivia,2008,57.78
388,Bolivia,2009,58.69
389,Bolivia,2010,58.79
390,Bolivia,2011,58.91
391,Bolivia,2012,61.95
392,Bolivia,2013,60.81
393,Bolivia,2014,58.97
394,Bolivia,2015,60.72
395,Bolivia,2016,60.55
396,Bolivia,2017,59.61
397,Bolivia,2018,58.71
398,Bolivia,2019,59.45
399,Bosnia and Herzegovina,2001,55.3
400,Bosnia and Herzegovina,2002,56.57
401,Bosnia and Herzegovina,2003,57.54
402,Bosnia and Herzegovina,2004,58.61
403,Bosnia and Herzegovina,2005,59.38
404,Bosnia and Herzegovina,2006,60.16
405,Bosnia and Herzegovina,2007,60.6
406,Bosnia and Herzegovina,2008,59.21
407,Bosnia and Herzegovina,2009,57.83
408,Bosnia and Herzegovina,2010,60.94
409,Bosnia and Herzegovina,2011,62.73
410,Bosnia and Herzegovina,2012,60.6
411,Bosnia and Herzegovina,2013,64.52
412,Bosnia and Herzegovina,2014,66.32
413,Bosnia and Herzegovina,2015,65.24
414,Bosnia and Herzegovina,2016,64.35
415,Bosnia and Herzegovina,2017,65.01
416,Bosnia and Herzegovina,2018,66.01
417,Bosnia and Herzegovina,2019,62.68
418,Botswana,2001,69.47
419,Botswana,2002,70.39
420,Botswana,2003,71.09
421,Botswana,2004,71.04
422,Botswana,2005,70.91
423,Botswana,2006,70.78
424,Botswana,2007,70.44
425,Botswana,2008,70.04
426,Botswana,2009,69.5
427,Botswana,2010,70.16
428,Botswana,2011,70.75
429,Botswana,2012,71.25
430,Botswana,2013,71.8
431,Botswana,2014,72.37
432,Botswana,2015,72.91
433,Botswana,2016,73.58
434,Botswana,2017,74.19
435,Botswana,2018,74.84
436,Botswana,2019,75.48
437,Brazil,2001,76.14
438,Brazil,2002,75.85
439,Brazil,2003,76.11
440,Brazil,2004,75.89
441,Brazil,2005,75.53
442,Brazil,2006,76.69
443,Brazil,2007,77.48
444,Brazil,2008,77.85
445,Brazil,2009,79.1
446,Brazil,2010,80.39
447,Brazil,2011,81.65
448,Brazil,2012,81.51
449,Brazil,2013,82.14
450,Brazil,2014,82.88
451,Brazil,2015,83.32
452,Brazil,2016,84.5
453,Brazil,2017,85.05
454,Brazil,2018,85.11
455,Brazil,2019,85.41
456,Brunei Darussalam,2001,88.18
457,Brunei Darussalam,2002,88.39
458,Brunei Darussalam,2003,88.62
459,Brunei Darussalam,2004,88.73
460,Brunei Darussalam,2005,88.96
461,Brunei Darussalam,2006,89.05
462,Brunei Darussalam,2007,88.74
463,Brunei Darussalam,2008,89.04
464,Brunei Darussalam,2009,88.59
465,Brunei Darussalam,2010,88.72
466,Brunei Darussalam,2011,88.97
467,Brunei Darussalam,2012,88.94
468,Brunei Darussalam,2013,88.72
469,Brunei Darussalam,2014,88.65
470,Brunei Darussalam,2015,89.13
471,Brunei Darussalam,2016,89.77
472,Brunei Darussalam,2017,90.39
473,Brunei Darussalam,2018,90.45
474,Brunei Darussalam,2019,89.86
475,Bulgaria,2001,64.04
476,Bulgaria,2002,63.06
477,Bulgaria,2003,63.68
478,Bulgaria,2004,63.19
479,Bulgaria,2005,64.33
480,Bulgaria,2006,65.87
481,Bulgaria,2007,65.87
482,Bulgaria,2008,65.59
483,Bulgaria,2009,67.84
484,Bulgaria,2010,70.73
485,Bulgaria,2011,71.28
486,Bulgaria,2012,70.63
487,Bulgaria,2013,71.73
488,Bulgaria,2014,72.23
489,Bulgaria,2015,72.93
490,Bulgaria,2016,73.38
491,Bulgaria,2017,72.93
492,Bulgaria,2018,73.36
493,Bulgaria,2019,73.48
494,Burkina Faso,2001,17.79
495,Burkina Faso,2002,19.53
496,Burkina Faso,2003,21.58
497,Burkina Faso,2004,23.52
498,Burkina Faso,2005,26.21
499,Burkina Faso,2006,28.53
500,Burkina Faso,2007,30.65
501,Burkina Faso,2008,33.52
502,Burkina Faso,2009,35.54
503,Burkina Faso,2010,38.25
504,Burkina Faso,2011,40.5
505,Burkina Faso,2012,42.67
506,Burkina Faso,2013,44.41
507,Burkina Faso,2014,45.69
508,Burkina Faso,2015,47.31
509,Burkina Faso,2016,49.06
510,Burkina Faso,2017,50.78
511,Burkina Faso,2018,52.36
512,Burkina Faso,2019,53.43
513,Burundi,2001,2.79
514,Burundi,2002,2.95
515,Burundi,2003,2.98
516,Burundi,2004,3.38
517,Burundi,2005,3.38
518,Burundi,2006,3.56
519,Burundi,2007,3.62
520,Burundi,2008,3.87
521,Burundi,2009,4.04
522,Burundi,2010,4.28
523,Burundi,2011,4.47
524,Burundi,2012,4.67
525,Burundi,2013,4.99
526,Burundi,2014,5.23
527,Burundi,2015,5.17
528,Burundi,2016,5.19
529,Burundi,2017,5.2
530,Burundi,2018,5.31
531,Burundi,2019,5.43
532,Cabo Verde,2001,70.69
533,Cabo Verde,2002,71.25
534,Cabo Verde,2003,71.88
535,Cabo Verde,2004,72.63
536,Cabo Verde,2005,73.28
537,Cabo Verde,2006,74.05
538,Cabo Verde,2007,74.89
539,Cabo Verde,2008,75.55
540,Cabo Verde,2009,76.03
541,Cabo Verde,2010,76.56
542,Cabo Verde,2011,77.16
543,Cabo Verde,2012,77.67
544,Cabo Verde,2013,78.17
545,Cabo Verde,2014,78.61
546,Cabo Verde,2015,79.09
547,Cabo Verde,2016,79.7
548,Cabo Verde,2017,80.19
549,Cabo Verde,2018,82.34
550,Cabo Verde,2019,83.12
551,Cambodia,2001,18.69
552,Cambodia,2002,20.01
553,Cambodia,2003,20.88
554,Cambodia,2004,22.38
555,Cambodia,2005,23.46
556,Cambodia,2006,24.77
557,Cambodia,2007,26.17
558,Cambodia,2008,25.93
559,Cambodia,2009,25.85
560,Cambodia,2010,25.83
561,Cambodia,2011,25.79
562,Cambodia,2012,28.03
563,Cambodia,2013,30.48
564,Cambodia,2014,29.07
565,Cambodia,2015,31.07
566,Cambodia,2016,35.23
567,Cambodia,2017,35.28
568,Cambodia,2018,35.95
569,Cambodia,2019,37.14
570,Cameroon,2001,23.15
571,Cameroon,2002,23.45
572,Cameroon,2003,23.72
573,Cameroon,2004,23.99
574,Cameroon,2005,24.14
575,Cameroon,2006,24.29
576,Cameroon,2007,24.5
577,Cameroon,2008,25.95
578,Cameroon,2009,27.4
579,Cameroon,2010,28.97
580,Cameroon,2011,30.66
581,Cameroon,2012,32.4
582,Cameroon,2013,34.25
583,Cameroon,2014,36.1
584,Cameroon,2015,37.39
585,Cameroon,2016,38.46
586,Cameroon,2017,39.44
587,Cameroon,2018,40.43
588,Cameroon,2019,41.32
589,Canada,2001,87.35
590,Canada,2002,87.14
591,Canada,2003,87.35
592,Canada,2004,87.4
593,Canada,2005,87.85
594,Canada,2006,88.15
595,Canada,2007,88.49
596,Canada,2008,89.08
597,Canada,2009,89.87
598,Canada,2010,90.35
599,Canada,2011,89.93
600,Canada,2012,89.89
601,Canada,2013,90.19
602,Canada,2014,90.34
603,Canada,2015,90.43
604,Canada,2016,90.5
605,Canada,2017,90.56
606,Canada,2018,90.61
607,Canada,2019,90.64
608,Central African Republic,2001,14.55
609,Central African Republic,2002,15.0
610,Central African Republic,2003,15.17
611,Central African Republic,2004,15.68
612,Central African Republic,2005,15.98
613,Central African Republic,2006,16.45
614,Central African Republic,2007,16.96
615,Central African Republic,2008,17.35
616,Central African Republic,2009,18.11
617,Central African Republic,2010,18.75
618,Central African Republic,2011,19.5
619,Central African Republic,2012,20.24
620,Central African Republic,2013,18.86
621,Central African Republic,2014,19.18
622,Central African Republic,2015,19.97
623,Central African Republic,2016,20.75
624,Central African Republic,2017,21.43
625,Central African Republic,2018,22.13
626,Central African Republic,2019,22.82
627,Chad,2001,16.22
628,Chad,2002,16.71
629,Chad,2003,17.78
630,Chad,2004,18.86
631,Chad,2005,19.8
632,Chad,2006,20.06
633,Chad,2007,20.37
634,Chad,2008,20.78
635,Chad,2009,21.46
636,Chad,2010,22.8
637,Chad,2011,22.5
638,Chad,2012,23.31
639,Chad,2013,24.2
640,Chad,2014,24.83
641,Chad,2015,25.31
642,Chad,2016,25.29
643,Chad,2017,25.34
644,Chad,2018,25.62
645,Chad,2019,26.07
646,Channel Islands,2001,77.37
647,Channel Islands,2002,78.04
648,Channel Islands,2003,78.73
649,Channel Islands,2004,79.38
650,Channel Islands,2005,79.91
651,Channel Islands,2006,80.35
652,Channel Islands,2007,80.84
653,Channel Islands,2008,81.54
654,Channel Islands,2009,82.42
655,Channel Islands,2010,82.88
656,Channel Islands,2011,83.51
657,Channel Islands,2012,83.98
658,Channel Islands,2013,84.4
659,Channel Islands,2014,84.8
660,Channel Islands,2015,85.21
661,Channel Islands,2016,85.62
662,Channel Islands,2017,86.05
663,Channel Islands,2018,86.5
664,Channel Islands,2019,86.93
665,Chile,2001,82.31
666,Chile,2002,83.1
667,Chile,2003,83.19
668,Chile,2004,82.18
669,Chile,2005,82.55
670,Chile,2006,82.76
671,Chile,2007,83.34
672,Chile,2008,83.03
673,Chile,2009,83.88
674,Chile,2010,84.59
675,Chile,2011,84.41
676,Chile,2012,84.24
677,Chile,2013,84.64
678,Chile,2014,84.72
679,Chile,2015,84.24
680,Chile,2016,83.95
681,Chile,2017,83.81
682,Chile,2018,84.59
683,Chile,2019,85.1
684,China,2001,31.44
685,China,2002,32.41
686,China,2003,33.19
687,China,2004,34.93
688,China,2005,35.85
689,China,2006,36.8
690,China,2007,37.16
691,China,2008,38.2
692,China,2009,39.32
693,China,2010,40.01
694,China,2011,41.4
695,China,2012,42.02
696,China,2013,44.8
697,China,2014,47.24
698,China,2015,49.09
699,China,2016,50.57
700,China,2017,52.14
701,China,2018,53.04
702,China,2019,54.92
703,Colombia,2001,76.29
704,Colombia,2002,76.53
705,Colombia,2003,76.69
706,Colombia,2004,76.97
707,Colombia,2005,77.18
708,Colombia,2006,77.42
709,Colombia,2007,77.66
710,Colombia,2008,77.83
711,Colombia,2009,77.92
712,Colombia,2010,77.14
713,Colombia,2011,76.87
714,Colombia,2012,76.46
715,Colombia,2013,78.23
716,Colombia,2014,78.69
717,Colombia,2015,78.78
718,Colombia,2016,79.43
719,Colombia,2017,78.3
720,Colombia,2018,77.33
721,Colombia,2019,79.01
722,Comoros,2001,22.18
723,Comoros,2002,22.96
724,Comoros,2003,23.78
725,Comoros,2004,24.66
726,Comoros,2005,26.68
727,Comoros,2006,28.75
728,Comoros,2007,30.22
729,Comoros,2008,32.49
730,Comoros,2009,34.85
731,Comoros,2010,37.24
732,Comoros,2011,39.65
733,Comoros,2012,41.99
734,Comoros,2013,44.47
735,Comoros,2014,46.77
736,Comoros,2015,47.78
737,Comoros,2016,48.86
738,Comoros,2017,50.08
739,Comoros,2018,51.1
740,Comoros,2019,52.05
741,"Congo, Dem. Rep.",2001,15.4
742,"Congo, Dem. Rep.",2002,15.47
743,"Congo, Dem. Rep.",2003,15.93
744,"Congo, Dem. Rep.",2004,16.39
745,"Congo, Dem. Rep.",2005,16.8
746,"Congo, Dem. Rep.",2006,17.28
747,"Congo, Dem. Rep.",2007,17.83
748,"Congo, Dem. Rep.",2008,18.43
749,"Congo, Dem. Rep.",2009,18.81
750,"Congo, Dem. Rep.",2010,19.32
751,"Congo, Dem. Rep.",2011,19.92
752,"Congo, Dem. Rep.",2012,20.56
753,"Congo, Dem. Rep.",2013,21.28
754,"Congo, Dem. Rep.",2014,22.08
755,"Congo, Dem. Rep.",2015,22.78
756,"Congo, Dem. Rep.",2016,23.22
757,"Congo, Dem. Rep.",2017,23.74
758,"Congo, Dem. Rep.",2018,24.38
759,"Congo, Dem. Rep.",2019,25.01
760,"Congo, Rep.",2001,32.35
761,"Congo, Rep.",2002,33.05
762,"Congo, Rep.",2003,33.56
763,"Congo, Rep.",2004,34.28
764,"Congo, Rep.",2005,35.19
765,"Congo, Rep.",2006,35.99
766,"Congo, Rep.",2007,36.38
767,"Congo, Rep.",2008,37.14
768,"Congo, Rep.",2009,37.95
769,"Congo, Rep.",2010,39.06
770,"Congo, Rep.",2011,39.78
771,"Congo, Rep.",2012,40.64
772,"Congo, Rep.",2013,41.47
773,"Congo, Rep.",2014,42.45
774,"Congo, Rep.",2015,43.17
775,"Congo, Rep.",2016,43.65
776,"Congo, Rep.",2017,44.22
777,"Congo, Rep.",2018,45.08
778,"Congo, Rep.",2019,45.73
779,Costa Rica,2001,79.13
780,Costa Rica,2002,80.93
781,Costa Rica,2003,81.5
782,Costa Rica,2004,82.89
783,Costa Rica,2005,82.64
784,Costa Rica,2006,82.9
785,Costa Rica,2007,82.08
786,Costa Rica,2008,82.86
787,Costa Rica,2009,85.01
788,Costa Rica,2010,85.66
789,Costa Rica,2011,86.22
790,Costa Rica,2012,87.51
791,Costa Rica,2013,89.02
792,Costa Rica,2014,86.44
793,Costa Rica,2015,86.17
794,Costa Rica,2016,86.7
795,Costa Rica,2017,85.57
796,Costa Rica,2018,84.63
797,Costa Rica,2019,85.92
798,Cote d'Ivoire,2001,39.55
799,Cote d'Ivoire,2002,40.21
800,Cote d'Ivoire,2003,40.9
801,Cote d'Ivoire,2004,41.59
802,Cote d'Ivoire,2005,42.36
803,Cote d'Ivoire,2006,43.16
804,Cote d'Ivoire,2007,43.9
805,Cote d'Ivoire,2008,44.74
806,Cote d'Ivoire,2009,45.51
807,Cote d'Ivoire,2010,46.45
808,Cote d'Ivoire,2011,47.04
809,Cote d'Ivoire,2012,48.0
810,Cote d'Ivoire,2013,48.64
811,Cote d'Ivoire,2014,50.86
812,Cote d'Ivoire,2015,53.05
813,Cote d'Ivoire,2016,55.06
814,Cote d'Ivoire,2017,56.97
815,Cote d'Ivoire,2018,57.62
816,Cote d'Ivoire,2019,58.49
817,Croatia,2001,63.56
818,Croatia,2002,64.38
819,Croatia,2003,62.58
820,Croatia,2004,63.63
821,Croatia,2005,63.0
822,Croatia,2006,67.24
823,Croatia,2007,68.33
824,Croatia,2008,67.98
825,Croatia,2009,69.44
826,Croatia,2010,69.63
827,Croatia,2011,68.29
828,Croatia,2012,71.04
829,Croatia,2013,74.69
830,Croatia,2014,76.66
831,Croatia,2015,77.55
832,Croatia,2016,79.91
833,Croatia,2017,81.36
834,Croatia,2018,79.73
835,Croatia,2019,79.41
836,Cuba,2001,73.45
837,Cuba,2002,74.76
838,Cuba,2003,75.88
839,Cuba,2004,76.86
840,Cuba,2005,77.57
841,Cuba,2006,78.22
842,Cuba,2007,79.02
843,Cuba,2008,79.52
844,Cuba,2009,79.94
845,Cuba,2010,79.94
846,Cuba,2011,79.02
847,Cuba,2012,78.22
848,Cuba,2013,80.75
849,Cuba,2014,80.94
850,Cuba,2015,80.94
851,Cuba,2016,81.33
852,Cuba,2017,81.73
853,Cuba,2018,81.99
854,Cuba,2019,82.31
855,Cyprus,2001,83.73
856,Cyprus,2002,83.85
857,Cyprus,2003,85.0
858,Cyprus,2004,85.53
859,Cyprus,2005,86.2
860,Cyprus,2006,87.09
861,Cyprus,2007,88.16
862,Cyprus,2008,87.71
863,Cyprus,2009,87.57
864,Cyprus,2010,88.31
865,Cyprus,2011,89.22
866,Cyprus,2012,89.8
867,Cyprus,2013,91.01
868,Cyprus,2014,90.89
869,Cyprus,2015,91.61
870,Cyprus,2016,91.95
871,Cyprus,2017,92.02
872,Cyprus,2018,92.61
873,Cyprus,2019,91.64
874,Czechia,2001,68.26
875,Czechia,2002,68.7
876,Czechia,2003,69.51
877,Czechia,2004,70.02
878,Czechia,2005,70.69
879,Czechia,2006,70.18
880,Czechia,2007,70.66
881,Czechia,2008,70.96
882,Czechia,2009,73.72
883,Czechia,2010,74.88
884,Czechia,2011,74.24
885,Czechia,2012,74.74
886,Czechia,2013,75.02
887,Czechia,2014,74.77
888,Czechia,2015,74.62
889,Czechia,2016,74.14
890,Czechia,2017,73.99
891,Czechia,2018,74.3
892,Czechia,2019,74.62
893,Denmark,2001,83.89
894,Denmark,2002,86.12
895,Denmark,2003,86.6
896,Denmark,2004,86.12
897,Denmark,2005,85.99
898,Denmark,2006,86.91
899,Denmark,2007,85.78
900,Denmark,2008,86.49
901,Denmark,2009,88.55
902,Denmark,2010,89.85
903,Denmark,2011,89.81
904,Denmark,2012,89.52
905,Denmark,2013,89.88
906,Denmark,2014,89.91
907,Denmark,2015,89.38
908,Denmark,2016,89.78
909,Denmark,2017,90.18
910,Denmark,2018,90.32
911,Denmark,2019,90.1
912,Djibouti,2001,51.21
913,Djibouti,2002,52.24
914,Djibouti,2003,53.3
915,Djibouti,2004,54.37
916,Djibouti,2005,55.45
917,Djibouti,2006,56.6
918,Djibouti,2007,57.78
919,Djibouti,2008,58.98
920,Djibouti,2009,60.02
921,Djibouti,2010,61.12
922,Djibouti,2011,62.33
923,Djibouti,2012,63.42
924,Djibouti,2013,64.49
925,Djibouti,2014,65.6
926,Djibouti,2015,66.74
927,Djibouti,2016,67.83
928,Djibouti,2017,68.85
929,Djibouti,2018,69.99
930,Djibouti,2019,71.06
931,Dominican Republic,2001,81.11
932,Dominican Republic,2002,82.75
933,Dominican Republic,2003,83.15
934,Dominican Republic,2004,83.02
935,Dominican Republic,2005,82.31
936,Dominican Republic,2006,83.74
937,Dominican Republic,2007,84.37
938,Dominican Republic,2008,82.92
939,Dominican Republic,2009,88.74
940,Dominican Republic,2010,88.16
941,Dominican Republic,2011,88.41
942,Dominican Republic,2012,87.91
943,Dominican Republic,2013,89.59
944,Dominican Republic,2014,88.02
945,Dominican Republic,2015,89.66
946,Dominican Republic,2016,89.79
947,Dominican Republic,2017,89.11
948,Dominican Republic,2018,89.03
949,Dominican Republic,2019,89.33
950,Ecuador,2001,61.09
951,Ecuador,2002,63.45
952,Ecuador,2003,65.82
953,Ecuador,2004,62.54
954,Ecuador,2005,64.58
955,Ecuador,2006,64.14
956,Ecuador,2007,66.02
957,Ecuador,2008,67.16
958,Ecuador,2009,67.35
959,Ecuador,2010,68.04
960,Ecuador,2011,68.27
961,Ecuador,2012,68.3
962,Ecuador,2013,67.92
963,Ecuador,2014,68.52
964,Ecuador,2015,66.26
965,Ecuador,2016,65.58
966,Ecuador,2017,64.11
967,Ecuador,2018,63.07
968,Ecuador,2019,63.05
969,"Egypt, Arab Rep.",2001,57.96
970,"Egypt, Arab Rep.",2002,62.08
971,"Egypt, Arab Rep.",2003,54.77
972,"Egypt, Arab Rep.",2004,47.44
973,"Egypt, Arab Rep.",2005,48.43
974,"Egypt, Arab Rep.",2006,50.67
975,"Egypt, Arab Rep.",2007,47.29
976,"Egypt, Arab Rep.",2008,48.84
977,"Egypt, Arab Rep.",2009,48.81
978,"Egypt, Arab Rep.",2010,51.21
979,"Egypt, Arab Rep.",2011,51.54
980,"Egypt, Arab Rep.",2012,56.9
981,"Egypt, Arab Rep.",2013,52.07
982,"Egypt, Arab Rep.",2014,51.76
983,"Egypt, Arab Rep.",2015,54.17
984,"Egypt, Arab Rep.",2016,55.39
985,"Egypt, Arab Rep.",2017,56.26
986,"Egypt, Arab Rep.",2018,70.07
987,"Egypt, Arab Rep.",2019,70.78
988,El Salvador,2001,73.78
989,El Salvador,2002,73.85
990,El Salvador,2003,74.26
991,El Salvador,2004,74.96
992,El Salvador,2005,75.13
993,El Salvador,2006,76.3
994,El Salvador,2007,75.83
995,El Salvador,2008,74.64
996,El Salvador,2009,76.93
997,El Salvador,2010,76.23
998,El Salvador,2011,74.61
999,El Salvador,2012,76.52
1000,El Salvador,2013,77.93
1001,El Salvador,2014,77.92
1002,El Salvador,2015,76.61
1003,El Salvador,2016,78.85
1004,El Salvador,2017,77.96
1005,El Salvador,2018,78.71
1006,El Salvador,2019,78.9
1007,Equatorial Guinea,2001,42.48
1008,Equatorial Guinea,2002,42.21
1009,Equatorial Guinea,2003,42.08
1010,Equatorial Guinea,2004,41.8
1011,Equatorial Guinea,2005,41.57
1012,Equatorial Guinea,2006,41.54
1013,Equatorial Guinea,2007,41.28
1014,Equatorial Guinea,2008,40.98
1015,Equatorial Guinea,2009,41.21
1016,Equatorial Guinea,2010,41.47
1017,Equatorial Guinea,2011,41.6
1018,Equatorial Guinea,2012,41.85
1019,Equatorial Guinea,2013,42.27
1020,Equatorial Guinea,2014,42.66
1021,Equatorial Guinea,2015,43.3
1022,Equatorial Guinea,2016,43.87
1023,Equatorial Guinea,2017,44.21
1024,Equatorial Guinea,2018,45.13
1025,Equatorial Guinea,2019,45.85
1026,Eritrea,2001,19.51
1027,Eritrea,2002,19.47
1028,Eritrea,2003,19.51
1029,Eritrea,2004,19.65
1030,Eritrea,2005,20.66
1031,Eritrea,2006,20.94
1032,Eritrea,2007,21.25
1033,Eritrea,2008,20.55
1034,Eritrea,2009,21.01
1035,Eritrea,2010,21.78
1036,Eritrea,2011,22.6
1037,Eritrea,2012,23.18
1038,Eritrea,2013,23.07
1039,Eritrea,2014,24.64
1040,Eritrea,2015,24.16
1041,Eritrea,2016,25.17
1042,Eritrea,2017,25.02
1043,Eritrea,2018,26.36
1044,Eritrea,2019,27.15
1045,Estonia,2001,71.77
1046,Estonia,2002,73.22
1047,Estonia,2003,73.61
1048,Estonia,2004,71.64
1049,Estonia,2005,72.59
1050,Estonia,2006,75.18
1051,Estonia,2007,75.14
1052,Estonia,2008,75.5
1053,Estonia,2009,78.02
1054,Estonia,2010,79.24
1055,Estonia,2011,78.47
1056,Estonia,2012,79.83
1057,Estonia,2013,80.59
1058,Estonia,2014,80.24
1059,Estonia,2015,80.03
1060,Estonia,2016,80.75
1061,Estonia,2017,80.74
1062,Estonia,2018,81.02
1063,Estonia,2019,81.44
1064,Eswatini,2001,51.24
1065,Eswatini,2002,52.33
1066,Eswatini,2003,53.43
1067,Eswatini,2004,54.35
1068,Eswatini,2005,55.4
1069,Eswatini,2006,56.44
1070,Eswatini,2007,57.36
1071,Eswatini,2008,58.19
1072,Eswatini,2009,58.96
1073,Eswatini,2010,60.03
1074,Eswatini,2011,60.92
1075,Eswatini,2012,61.86
1076,Eswatini,2013,62.86
1077,Eswatini,2014,63.55
1078,Eswatini,2015,64.28
1079,Eswatini,2016,65.13
1080,Eswatini,2017,66.07
1081,Eswatini,2018,66.96
1082,Eswatini,2019,67.73
1083,Ethiopia,2001,22.18
1084,Ethiopia,2002,20.63
1085,Ethiopia,2003,19.0
1086,Ethiopia,2004,18.51
1087,Ethiopia,2005,17.53
1088,Ethiopia,2006,18.43
1089,Ethiopia,2007,19.42
1090,Ethiopia,2008,20.62
1091,Ethiopia,2009,21.71
1092,Ethiopia,2010,22.91
1093,Ethiopia,2011,24.28
1094,Ethiopia,2012,25.85
1095,Ethiopia,2013,27.49
1096,Ethiopia,2014,28.33
1097,Ethiopia,2015,29.14
1098,Ethiopia,2016,29.88
1099,Ethiopia,2017,30.65
1100,Ethiopia,2018,31.21
1101,Ethiopia,2019,32.19
1102,Europe & Central Asia (IDA & IBRD countries),2001,57.13
1103,Europe & Central Asia (IDA & IBRD countries),2002,58.42
1104,Europe & Central Asia (IDA & IBRD countries),2003,59.68
1105,Europe & Central Asia (IDA & IBRD countries),2004,60.93
1106,Europe & Central Asia (IDA & IBRD countries),2005,61.82
1107,Europe & Central Asia (IDA & IBRD countries),2006,62.76
1108,Europe & Central Asia (IDA & IBRD countries),2007,63.58
1109,Europe & Central Asia (IDA & IBRD countries),2008,64.71
1110,Europe & Central Asia (IDA & IBRD countries),2009,65.88
1111,Europe & Central Asia (IDA & IBRD countries),2010,66.41
1112,Europe & Central Asia (IDA & IBRD countries),2011,66.64
1113,Europe & Central Asia (IDA & IBRD countries),2012,67.2
1114,Europe & Central Asia (IDA & IBRD countries),2013,67.53
1115,Europe & Central Asia (IDA & IBRD countries),2014,68.79
1116,Europe & Central Asia (IDA & IBRD countries),2015,69.64
1117,Europe & Central Asia (IDA & IBRD countries),2016,70.14
1118,Europe & Central Asia (IDA & IBRD countries),2017,70.76
1119,Europe & Central Asia (IDA & IBRD countries),2018,71.29
1120,Europe & Central Asia (IDA & IBRD countries),2019,71.79
1121,Fiji,2001,57.95
1122,Fiji,2002,59.1
1123,Fiji,2003,60.33
1124,Fiji,2004,61.39
1125,Fiji,2005,62.64
1126,Fiji,2006,64.61
1127,Fiji,2007,66.63
1128,Fiji,2008,68.46
1129,Fiji,2009,70.34
1130,Fiji,2010,72.08
1131,Fiji,2011,73.82
1132,Fiji,2012,75.8
1133,Fiji,2013,77.6
1134,Fiji,2014,79.27
1135,Fiji,2015,80.92
1136,Fiji,2016,82.48
1137,Fiji,2017,83.12
1138,Fiji,2018,83.71
1139,Fiji,2019,84.29
1140,Finland,2001,82.47
1141,Finland,2002,82.64
1142,Finland,2003,83.71
1143,Finland,2004,84.65
1144,Finland,2005,84.8
1145,Finland,2006,85.35
1146,Finland,2007,85.96
1147,Finland,2008,86.92
1148,Finland,2009,87.2
1149,Finland,2010,87.33
1150,Finland,2011,88.3
1151,Finland,2012,88.63
1152,Finland,2013,88.68
1153,Finland,2014,89.06
1154,Finland,2015,89.07
1155,Finland,2016,89.11
1156,Finland,2017,89.3
1157,Finland,2018,89.02
1158,Finland,2019,89.14
1159,France,2001,83.23
1160,France,2002,83.87
1161,France,2003,84.91
1162,France,2004,84.84
1163,France,2005,85.64
1164,France,2006,86.04
1165,France,2007,86.31
1166,France,2008,87.2
1167,France,2009,87.8
1168,France,2010,88.06
1169,France,2011,87.57
1170,France,2012,87.89
1171,France,2013,88.01
1172,France,2014,88.66
1173,France,2015,89.0
1174,France,2016,89.1
1175,France,2017,88.54
1176,France,2018,89.04
1177,France,2019,88.97
1178,French Polynesia,2001,85.86
1179,French Polynesia,2002,86.44
1180,French Polynesia,2003,86.67
1181,French Polynesia,2004,86.93
1182,French Polynesia,2005,87.09
1183,French Polynesia,2006,87.29
1184,French Polynesia,2007,87.46
1185,French Polynesia,2008,87.84
1186,French Polynesia,2009,88.1
1187,French Polynesia,2010,88.4
1188,French Polynesia,2011,88.68
1189,French Polynesia,2012,88.95
1190,French Polynesia,2013,89.22
1191,French Polynesia,2014,89.51
1192,French Polynesia,2015,89.77
1193,French Polynesia,2016,90.01
1194,French Polynesia,2017,90.27
1195,French Polynesia,2018,90.52
1196,French Polynesia,2019,90.72
1197,Gabon,2001,39.15
1198,Gabon,2002,39.82
1199,Gabon,2003,40.56
1200,Gabon,2004,41.08
1201,Gabon,2005,41.67
1202,Gabon,2006,42.19
1203,Gabon,2007,42.95
1204,Gabon,2008,43.22
1205,Gabon,2009,43.96
1206,Gabon,2010,44.31
1207,Gabon,2011,44.94
1208,Gabon,2012,45.65
1209,Gabon,2013,46.37
1210,Gabon,2014,47.19
1211,Gabon,2015,48.14
1212,Gabon,2016,49.03
1213,Gabon,2017,49.82
1214,Gabon,2018,50.52
1215,Gabon,2019,51.52
1216,"Gambia, The",2001,49.81
1217,"Gambia, The",2002,49.88
1218,"Gambia, The",2003,51.22
1219,"Gambia, The",2004,52.52
1220,"Gambia, The",2005,52.82
1221,"Gambia, The",2006,52.81
1222,"Gambia, The",2007,53.46
1223,"Gambia, The",2008,54.98
1224,"Gambia, The",2009,56.26
1225,"Gambia, The",2010,57.51
1226,"Gambia, The",2011,56.76
1227,"Gambia, The",2012,57.74
1228,"Gambia, The",2013,58.45
1229,"Gambia, The",2014,58.57
1230,"Gambia, The",2015,59.43
1231,"Gambia, The",2016,60.09
1232,"Gambia, The",2017,61.01
1233,"Gambia, The",2018,62.06
1234,"Gambia, The",2019,62.9
1235,Georgia,2001,41.33
1236,Georgia,2002,41.24
1237,Georgia,2003,38.97
1238,Georgia,2004,39.49
1239,Georgia,2005,38.43
1240,Georgia,2006,38.71
1241,Georgia,2007,39.75
1242,Georgia,2008,41.95
1243,Georgia,2009,44.07
1244,Georgia,2010,45.82
1245,Georgia,2011,42.73
1246,Georgia,2012,44.35
1247,Georgia,2013,44.88
1248,Georgia,2014,45.87
1249,Georgia,2015,47.81
1250,Georgia,2016,48.33
1251,Georgia,2017,48.93
1252,Georgia,2018,52.96
1253,Georgia,2019,54.33
1254,Germany,2001,80.06
1255,Germany,2002,80.43
1256,Germany,2003,81.25
1257,Germany,2004,81.29
1258,Germany,2005,82.25
1259,Germany,2006,82.38
1260,Germany,2007,82.44
1261,Germany,2008,83.67
1262,Germany,2009,84.19
1263,Germany,2010,84.54
1264,Germany,2011,84.63
1265,Germany,2012,84.75
1266,Germany,2013,84.99
1267,Germany,2014,84.83
1268,Germany,2015,85.19
1269,Germany,2016,85.31
1270,Germany,2017,85.26
1271,Germany,2018,85.21
1272,Germany,2019,85.27
1273,Ghana,2001,35.45
1274,Ghana,2002,35.31
1275,Ghana,2003,35.21
1276,Ghana,2004,35.1
1277,Ghana,2005,34.97
1278,Ghana,2006,34.78
1279,Ghana,2007,36.35
1280,Ghana,2008,38.2
1281,Ghana,2009,39.88
1282,Ghana,2010,41.65
1283,Ghana,2011,43.65
1284,Ghana,2012,45.56
1285,Ghana,2013,47.44
1286,Ghana,2014,50.32
1287,Ghana,2015,52.33
1288,Ghana,2016,53.09
1289,Ghana,2017,53.7
1290,Ghana,2018,54.13
1291,Ghana,2019,54.8
1292,Greece,2001,70.96
1293,Greece,2002,71.9
1294,Greece,2003,72.4
1295,Greece,2004,75.67
1296,Greece,2005,76.56
1297,Greece,2006,77.29
1298,Greece,2007,78.03
1299,Greece,2008,79.0
1300,Greece,2009,79.5
1301,Greece,2010,79.59
1302,Greece,2011,79.86
1303,Greece,2012,79.64
1304,Greece,2013,79.05
1305,Greece,2014,79.51
1306,Greece,2015,79.67
1307,Greece,2016,80.11
1308,Greece,2017,80.35
1309,Greece,2018,80.55
1310,Greece,2019,81.58
1311,Guam,2001,96.41
1312,Guam,2002,96.39
1313,Guam,2003,96.39
1314,Guam,2004,96.41
1315,Guam,2005,96.42
1316,Guam,2006,96.37
1317,Guam,2007,96.36
1318,Guam,2008,96.32
1319,Guam,2009,96.25
1320,Guam,2010,96.24
1321,Guam,2011,96.29
1322,Guam,2012,96.24
1323,Guam,2013,96.26
1324,Guam,2014,96.29
1325,Guam,2015,96.31
1326,Guam,2016,96.34
1327,Guam,2017,96.36
1328,Guam,2018,96.37
1329,Guam,2019,96.37
1330,Guatemala,2001,58.97
1331,Guatemala,2002,59.82
1332,Guatemala,2003,60.88
1333,Guatemala,2004,66.09
1334,Guatemala,2005,65.14
1335,Guatemala,2006,64.18
1336,Guatemala,2007,63.69
1337,Guatemala,2008,63.3
1338,Guatemala,2009,62.91
1339,Guatemala,2010,62.49
1340,Guatemala,2011,67.66
1341,Guatemala,2012,72.05
1342,Guatemala,2013,76.28
1343,Guatemala,2014,71.58
1344,Guatemala,2015,72.48
1345,Guatemala,2016,72.2
1346,Guatemala,2017,72.69
1347,Guatemala,2018,72.76
1348,Guatemala,2019,73.15
1349,Guinea,2001,23.11
1350,Guinea,2002,23.83
1351,Guinea,2003,23.8
1352,Guinea,2004,24.43
1353,Guinea,2005,24.99
1354,Guinea,2006,25.49
1355,Guinea,2007,26.43
1356,Guinea,2008,27.05
1357,Guinea,2009,27.35
1358,Guinea,2010,28.16
1359,Guinea,2011,28.9
1360,Guinea,2012,29.83
1361,Guinea,2013,30.6
1362,Guinea,2014,31.31
1363,Guinea,2015,32.08
1364,Guinea,2016,33.25
1365,Guinea,2017,34.45
1366,Guinea,2018,35.35
1367,Guinea,2019,36.22
1368,Guinea-Bissau,2001,18.64
1369,Guinea-Bissau,2002,19.14
1370,Guinea-Bissau,2003,19.45
1371,Guinea-Bissau,2004,19.95
1372,Guinea-Bissau,2005,20.65
1373,Guinea-Bissau,2006,21.02
1374,Guinea-Bissau,2007,21.6
1375,Guinea-Bissau,2008,22.3
1376,Guinea-Bissau,2009,22.73
1377,Guinea-Bissau,2010,23.45
1378,Guinea-Bissau,2011,24.29
1379,Guinea-Bissau,2012,24.63
1380,Guinea-Bissau,2013,25.04
1381,Guinea-Bissau,2014,25.33
1382,Guinea-Bissau,2015,26.54
1383,Guinea-Bissau,2016,27.35
1384,Guinea-Bissau,2017,28.39
1385,Guinea-Bissau,2018,28.97
1386,Guinea-Bissau,2019,30.09
1387,Guyana,2001,77.2
1388,Guyana,2002,80.06
1389,Guyana,2003,80.43
1390,Guyana,2004,80.56
1391,Guyana,2005,80.19
1392,Guyana,2006,79.6
1393,Guyana,2007,79.45
1394,Guyana,2008,79.66
1395,Guyana,2009,79.57
1396,Guyana,2010,79.34
1397,Guyana,2011,79.57
1398,Guyana,2012,79.63
1399,Guyana,2013,80.17
1400,Guyana,2014,80.4
1401,Guyana,2015,80.76
1402,Guyana,2016,80.37
1403,Guyana,2017,80.62
1404,Guyana,2018,80.77
1405,Guyana,2019,81.18
1406,Haiti,2001,75.66
1407,Haiti,2002,76.19
1408,Haiti,2003,76.72
1409,Haiti,2004,77.08
1410,Haiti,2005,77.67
1411,Haiti,2006,78.18
1412,Haiti,2007,78.7
1413,Haiti,2008,79.29
1414,Haiti,2009,79.93
1415,Haiti,2010,80.74
1416,Haiti,2011,81.16
1417,Haiti,2012,81.85
1418,Haiti,2013,82.38
1419,Haiti,2014,82.85
1420,Haiti,2015,83.24
1421,Haiti,2016,83.75
1422,Haiti,2017,84.24
1423,Haiti,2018,84.68
1424,Haiti,2019,84.9
1425,Honduras,2001,67.35
1426,Honduras,2002,64.36
1427,Honduras,2003,65.82
1428,Honduras,2004,68.82
1429,Honduras,2005,66.68
1430,Honduras,2006,66.48
1431,Honduras,2007,68.29
1432,Honduras,2008,68.78
1433,Honduras,2009,68.78
1434,Honduras,2010,68.96
1435,Honduras,2011,70.35
1436,Honduras,2012,68.15
1437,Honduras,2013,71.27
1438,Honduras,2014,68.36
1439,Honduras,2015,71.64
1440,Honduras,2016,72.1
1441,Honduras,2017,70.51
1442,Honduras,2018,71.14
1443,Honduras,2019,72.7
1444,"Hong Kong SAR, China",2001,90.0
1445,"Hong Kong SAR, China",2002,90.63
1446,"Hong Kong SAR, China",2003,91.68
1447,"Hong Kong SAR, China",2004,92.57
1448,"Hong Kong SAR, China",2005,93.3
1449,"Hong Kong SAR, China",2006,93.5
1450,"Hong Kong SAR, China",2007,93.97
1451,"Hong Kong SAR, China",2008,94.58
1452,"Hong Kong SAR, China",2009,94.77
1453,"Hong Kong SAR, China",2010,95.05
1454,"Hong Kong SAR, China",2011,95.27
1455,"Hong Kong SAR, China",2012,95.45
1456,"Hong Kong SAR, China",2013,95.61
1457,"Hong Kong SAR, China",2014,95.76
1458,"Hong Kong SAR, China",2015,95.91
1459,"Hong Kong SAR, China",2016,96.03
1460,"Hong Kong SAR, China",2017,96.19
1461,"Hong Kong SAR, China",2018,96.34
1462,"Hong Kong SAR, China",2019,96.46
1463,Hungary,2001,71.07
1464,Hungary,2002,71.78
1465,Hungary,2003,73.96
1466,Hungary,2004,74.71
1467,Hungary,2005,76.19
1468,Hungary,2006,76.53
1469,Hungary,2007,76.65
1470,Hungary,2008,76.77
1471,Hungary,2009,78.06
1472,Hungary,2010,77.92
1473,Hungary,2011,77.52
1474,Hungary,2012,78.14
1475,Hungary,2013,78.34
1476,Hungary,2014,78.21
1477,Hungary,2015,78.42
1478,Hungary,2016,78.0
1479,Hungary,2017,77.28
1480,Hungary,2018,77.29
1481,Hungary,2019,77.17
1482,Iceland,2001,85.69
1483,Iceland,2002,85.61
1484,Iceland,2003,85.52
1485,Iceland,2004,85.02
1486,Iceland,2005,86.21
1487,Iceland,2006,87.64
1488,Iceland,2007,88.87
1489,Iceland,2008,88.98
1490,Iceland,2009,89.01
1491,Iceland,2010,90.0
1492,Iceland,2011,90.1
1493,Iceland,2012,90.43
1494,Iceland,2013,89.75
1495,Iceland,2014,90.05
1496,Iceland,2015,91.35
1497,Iceland,2016,90.88
1498,Iceland,2017,91.07
1499,Iceland,2018,91.16
1500,Iceland,2019,91.26
1501,India,2001,14.25
1502,India,2002,14.55
1503,India,2003,14.79
1504,India,2004,15.03
1505,India,2005,15.3
1506,India,2006,15.67
1507,India,2007,16.09
1508,India,2008,16.6
1509,India,2009,17.04
1510,India,2010,17.49
1511,India,2011,19.32
1512,India,2012,21.27
1513,India,2013,22.21
1514,India,2014,23.16
1515,India,2015,24.12
1516,India,2016,25.11
1517,India,2017,26.14
1518,India,2018,27.19
1519,India,2019,27.96
1520,Indonesia,2001,39.36
1521,Indonesia,2002,38.82
1522,Indonesia,2003,37.3
1523,Indonesia,2004,41.17
1524,Indonesia,2005,39.71
1525,Indonesia,2006,43.52
1526,Indonesia,2007,43.57
1527,Indonesia,2008,44.06
1528,Indonesia,2009,45.65
1529,Indonesia,2010,46.65
1530,Indonesia,2011,48.15
1531,Indonesia,2012,48.96
1532,Indonesia,2013,50.36
1533,Indonesia,2014,51.21
1534,Indonesia,2015,51.63
1535,Indonesia,2016,53.94
1536,Indonesia,2017,54.52
1537,Indonesia,2018,55.5
1538,Indonesia,2019,56.97
1539,"Iran, Islamic Rep.",2001,42.72
1540,"Iran, Islamic Rep.",2002,41.48
1541,"Iran, Islamic Rep.",2003,40.14
1542,"Iran, Islamic Rep.",2004,39.02
1543,"Iran, Islamic Rep.",2005,38.03
1544,"Iran, Islamic Rep.",2006,37.32
1545,"Iran, Islamic Rep.",2007,37.78
1546,"Iran, Islamic Rep.",2008,41.97
1547,"Iran, Islamic Rep.",2009,44.01
1548,"Iran, Islamic Rep.",2010,47.62
1549,"Iran, Islamic Rep.",2011,48.56
1550,"Iran, Islamic Rep.",2012,50.72
1551,"Iran, Islamic Rep.",2013,52.42
1552,"Iran, Islamic Rep.",2014,53.87
1553,"Iran, Islamic Rep.",2015,53.38
1554,"Iran, Islamic Rep.",2016,52.86
1555,"Iran, Islamic Rep.",2017,53.16
1556,"Iran, Islamic Rep.",2018,53.41
1557,"Iran, Islamic Rep.",2019,54.51
1558,Iraq,2001,58.12
1559,Iraq,2002,59.93
1560,Iraq,2003,60.56
1561,Iraq,2004,61.12
1562,Iraq,2005,61.7
1563,Iraq,2006,61.64
1564,Iraq,2007,62.33
1565,Iraq,2008,62.52
1566,Iraq,2009,63.58
1567,Iraq,2010,64.11
1568,Iraq,2011,64.36
1569,Iraq,2012,64.3
1570,Iraq,2013,64.83
1571,Iraq,2014,65.66
1572,Iraq,2015,66.22
1573,Iraq,2016,66.12
1574,Iraq,2017,67.38
1575,Iraq,2018,68.15
1576,Iraq,2019,68.77
1577,Ireland,2001,83.41
1578,Ireland,2002,84.82
1579,Ireland,2003,85.13
1580,Ireland,2004,85.33
1581,Ireland,2005,86.81
1582,Ireland,2006,87.29
1583,Ireland,2007,87.85
1584,Ireland,2008,88.56
1585,Ireland,2009,89.04
1586,Ireland,2010,89.45
1587,Ireland,2011,89.69
1588,Ireland,2012,89.61
1589,Ireland,2013,89.55
1590,Ireland,2014,89.83
1591,Ireland,2015,89.88
1592,Ireland,2016,89.51
1593,Ireland,2017,89.71
1594,Ireland,2018,90.05
1595,Ireland,2019,89.96
1596,Israel,2001,86.76
1597,Israel,2002,87.3
1598,Israel,2003,87.81
1599,Israel,2004,88.36
1600,Israel,2005,88.78
1601,Israel,2006,89.21
1602,Israel,2007,89.63
1603,Israel,2008,90.05
1604,Israel,2009,90.39
1605,Israel,2010,90.73
1606,Israel,2011,91.1
1607,Israel,2012,91.4
1608,Israel,2013,90.96
1609,Israel,2014,91.3
1610,Israel,2015,91.41
1611,Israel,2016,91.16
1612,Israel,2017,91.32
1613,Israel,2018,91.44
1614,Israel,2019,91.59
1615,Italy,2001,75.18
1616,Italy,2002,75.95
1617,Italy,2003,76.42
1618,Italy,2004,79.09
1619,Italy,2005,79.35
1620,Italy,2006,79.95
1621,Italy,2007,80.44
1622,Italy,2008,81.28
1623,Italy,2009,82.46
1624,Italy,2010,83.13
1625,Italy,2011,83.08
1626,Italy,2012,83.57
1627,Italy,2013,83.82
1628,Italy,2014,84.2
1629,Italy,2015,84.27
1630,Italy,2016,84.53
1631,Italy,2017,84.84
1632,Italy,2018,84.5
1633,Italy,2019,84.6
1634,Jamaica,2001,84.28
1635,Jamaica,2002,83.7
1636,Jamaica,2003,84.86
1637,Jamaica,2004,85.78
1638,Jamaica,2005,86.32
1639,Jamaica,2006,87.03
1640,Jamaica,2007,86.38
1641,Jamaica,2008,86.13
1642,Jamaica,2009,85.98
1643,Jamaica,2010,85.76
1644,Jamaica,2011,85.47
1645,Jamaica,2012,85.47
1646,Jamaica,2013,85.96
1647,Jamaica,2014,86.11
1648,Jamaica,2015,86.4
1649,Jamaica,2016,85.3
1650,Jamaica,2017,84.66
1651,Jamaica,2018,85.07
1652,Jamaica,2019,86.06
1653,Japan,2001,73.95
1654,Japan,2002,75.3
1655,Japan,2003,76.25
1656,Japan,2004,77.15
1657,Japan,2005,77.87
1658,Japan,2006,78.36
1659,Japan,2007,78.8
1660,Japan,2008,79.31
1661,Japan,2009,80.6
1662,Japan,2010,81.29
1663,Japan,2011,81.77
1664,Japan,2012,82.09
1665,Japan,2013,82.25
1666,Japan,2014,82.32
1667,Japan,2015,82.31
1668,Japan,2016,82.74
1669,Japan,2017,82.86
1670,Japan,2018,82.84
1671,Japan,2019,83.15
1672,Jordan,2001,83.66
1673,Jordan,2002,83.86
1674,Jordan,2003,82.93
1675,Jordan,2004,81.32
1676,Jordan,2005,81.71
1677,Jordan,2006,81.95
1678,Jordan,2007,82.01
1679,Jordan,2008,82.34
1680,Jordan,2009,82.69
1681,Jordan,2010,83.14
1682,Jordan,2011,83.51
1683,Jordan,2012,83.92
1684,Jordan,2013,84.41
1685,Jordan,2014,84.76
1686,Jordan,2015,85.12
1687,Jordan,2016,85.44
1688,Jordan,2017,85.73
1689,Jordan,2018,86.02
1690,Jordan,2019,86.27
1691,Kazakhstan,2001,56.08
1692,Kazakhstan,2002,55.62
1693,Kazakhstan,2003,55.82
1694,Kazakhstan,2004,57.65
1695,Kazakhstan,2005,57.78
1696,Kazakhstan,2006,58.31
1697,Kazakhstan,2007,58.32
1698,Kazakhstan,2008,59.32
1699,Kazakhstan,2009,60.51
1700,Kazakhstan,2010,61.17
1701,Kazakhstan,2011,62.31
1702,Kazakhstan,2012,63.4
1703,Kazakhstan,2013,64.59
1704,Kazakhstan,2014,68.07
1705,Kazakhstan,2015,71.42
1706,Kazakhstan,2016,72.4
1707,Kazakhstan,2017,73.25
1708,Kazakhstan,2018,74.04
1709,Kazakhstan,2019,74.92
1710,Kenya,2001,34.47
1711,Kenya,2002,33.13
1712,Kenya,2003,31.9
1713,Kenya,2004,30.74
1714,Kenya,2005,29.59
1715,Kenya,2006,29.59
1716,Kenya,2007,29.93
1717,Kenya,2008,30.28
1718,Kenya,2009,30.77
1719,Kenya,2010,31.49
1720,Kenya,2011,32.23
1721,Kenya,2012,32.97
1722,Kenya,2013,33.76
1723,Kenya,2014,34.58
1724,Kenya,2015,35.45
1725,Kenya,2016,36.32
1726,Kenya,2017,37.23
1727,Kenya,2018,38.14
1728,Kenya,2019,39.04
1729,"Korea, Dem. People's Rep.",2001,31.18
1730,"Korea, Dem. People's Rep.",2002,32.0
1731,"Korea, Dem. People's Rep.",2003,32.62
1732,"Korea, Dem. People's Rep.",2004,33.36
1733,"Korea, Dem. People's Rep.",2005,33.94
1734,"Korea, Dem. People's Rep.",2006,34.7
1735,"Korea, Dem. People's Rep.",2007,35.41
1736,"Korea, Dem. People's Rep.",2008,36.1
1737,"Korea, Dem. People's Rep.",2009,36.89
1738,"Korea, Dem. People's Rep.",2010,37.69
1739,"Korea, Dem. People's Rep.",2011,38.58
1740,"Korea, Dem. People's Rep.",2012,39.34
1741,"Korea, Dem. People's Rep.",2013,40.01
1742,"Korea, Dem. People's Rep.",2014,40.71
1743,"Korea, Dem. People's Rep.",2015,41.48
1744,"Korea, Dem. People's Rep.",2016,42.11
1745,"Korea, Dem. People's Rep.",2017,43.04
1746,"Korea, Dem. People's Rep.",2018,43.93
1747,"Korea, Dem. People's Rep.",2019,44.52
1748,"Korea, Rep.",2001,70.19
1749,"Korea, Rep.",2002,71.34
1750,"Korea, Rep.",2003,71.96
1751,"Korea, Rep.",2004,73.16
1752,"Korea, Rep.",2005,74.95
1753,"Korea, Rep.",2006,75.92
1754,"Korea, Rep.",2007,76.53
1755,"Korea, Rep.",2008,77.25
1756,"Korea, Rep.",2009,78.73
1757,"Korea, Rep.",2010,78.77
1758,"Korea, Rep.",2011,78.86
1759,"Korea, Rep.",2012,79.71
1760,"Korea, Rep.",2013,77.82
1761,"Korea, Rep.",2014,80.61
1762,"Korea, Rep.",2015,80.87
1763,"Korea, Rep.",2016,81.69
1764,"Korea, Rep.",2017,81.55
1765,"Korea, Rep.",2018,81.77
1766,"Korea, Rep.",2019,82.36
1767,Kuwait,2001,97.5
1768,Kuwait,2002,97.59
1769,Kuwait,2003,97.64
1770,Kuwait,2004,97.7
1771,Kuwait,2005,97.78
1772,Kuwait,2006,97.45
1773,Kuwait,2007,96.99
1774,Kuwait,2008,96.3
1775,Kuwait,2009,96.42
1776,Kuwait,2010,96.5
1777,Kuwait,2011,96.57
1778,Kuwait,2012,96.54
1779,Kuwait,2013,96.56
1780,Kuwait,2014,96.6
1781,Kuwait,2015,96.68
1782,Kuwait,2016,96.76
1783,Kuwait,2017,96.88
1784,Kuwait,2018,96.93
1785,Kuwait,2019,97.0
1786,Kyrgyz Republic,2001,38.16
1787,Kyrgyz Republic,2002,43.9
1788,Kyrgyz Republic,2003,47.12
1789,Kyrgyz Republic,2004,50.41
1790,Kyrgyz Republic,2005,52.4
1791,Kyrgyz Republic,2006,53.91
1792,Kyrgyz Republic,2007,55.18
1793,Kyrgyz Republic,2008,55.24
1794,Kyrgyz Republic,2009,56.22
1795,Kyrgyz Republic,2010,57.14
1796,Kyrgyz Republic,2011,58.1
1797,Kyrgyz Republic,2012,59.04
1798,Kyrgyz Republic,2013,56.04
1799,Kyrgyz Republic,2014,53.89
1800,Kyrgyz Republic,2015,57.27
1801,Kyrgyz Republic,2016,60.81
1802,Kyrgyz Republic,2017,64.85
1803,Kyrgyz Republic,2018,65.8
1804,Kyrgyz Republic,2019,66.32
1805,Lao PDR,2001,11.57
1806,Lao PDR,2002,12.18
1807,Lao PDR,2003,13.01
1808,Lao PDR,2004,13.99
1809,Lao PDR,2005,14.9
1810,Lao PDR,2006,15.51
1811,Lao PDR,2007,16.62
1812,Lao PDR,2008,17.81
1813,Lao PDR,2009,18.65
1814,Lao PDR,2010,19.73
1815,Lao PDR,2011,20.48
1816,Lao PDR,2012,21.24
1817,Lao PDR,2013,22.13
1818,Lao PDR,2014,23.13
1819,Lao PDR,2015,23.93
1820,Lao PDR,2016,24.6
1821,Lao PDR,2017,25.38
1822,Lao PDR,2018,26.18
1823,Lao PDR,2019,27.09
1824,Latvia,2001,69.57
1825,Latvia,2002,72.46
1826,Latvia,2003,71.48
1827,Latvia,2004,72.57
1828,Latvia,2005,74.78
1829,Latvia,2006,75.21
1830,Latvia,2007,76.73
1831,Latvia,2008,76.83
1832,Latvia,2009,78.56
1833,Latvia,2010,80.69
1834,Latvia,2011,80.73
1835,Latvia,2012,81.14
1836,Latvia,2013,81.57
1837,Latvia,2014,82.68
1838,Latvia,2015,82.23
1839,Latvia,2016,81.61
1840,Latvia,2017,82.94
1841,Latvia,2018,82.98
1842,Latvia,2019,83.73
1843,Lebanon,2001,67.88
1844,Lebanon,2002,68.49
1845,Lebanon,2003,69.08
1846,Lebanon,2004,69.44
1847,Lebanon,2005,69.99
1848,Lebanon,2006,70.81
1849,Lebanon,2007,71.14
1850,Lebanon,2008,71.43
1851,Lebanon,2009,71.6
1852,Lebanon,2010,71.79
1853,Lebanon,2011,72.34
1854,Lebanon,2012,72.74
1855,Lebanon,2013,73.07
1856,Lebanon,2014,73.53
1857,Lebanon,2015,74.08
1858,Lebanon,2016,74.63
1859,Lebanon,2017,75.33
1860,Lebanon,2018,76.26
1861,Lebanon,2019,77.59
1862,Lesotho,2001,31.83
1863,Lesotho,2002,32.47
1864,Lesotho,2003,33.34
1865,Lesotho,2004,34.13
1866,Lesotho,2005,35.06
1867,Lesotho,2006,35.87
1868,Lesotho,2007,36.84
1869,Lesotho,2008,37.8
1870,Lesotho,2009,38.83
1871,Lesotho,2010,39.84
1872,Lesotho,2011,40.82
1873,Lesotho,2012,41.87
1874,Lesotho,2013,42.87
1875,Lesotho,2014,43.76
1876,Lesotho,2015,44.59
1877,Lesotho,2016,45.59
1878,Lesotho,2017,46.53
1879,Lesotho,2018,47.4
1880,Lesotho,2019,48.37
1881,Liberia,2001,41.18
1882,Liberia,2002,42.08
1883,Liberia,2003,40.83
1884,Liberia,2004,41.31
1885,Liberia,2005,42.07
1886,Liberia,2006,43.1
1887,Liberia,2007,44.35
1888,Liberia,2008,45.32
1889,Liberia,2009,46.18
1890,Liberia,2010,47.13
1891,Liberia,2011,48.31
1892,Liberia,2012,49.53
1893,Liberia,2013,50.82
1894,Liberia,2014,51.41
1895,Liberia,2015,51.95
1896,Liberia,2016,52.64
1897,Liberia,2017,53.37
1898,Liberia,2018,53.93
1899,Liberia,2019,54.51
1900,Libya,2001,51.59
1901,Libya,2002,52.26
1902,Libya,2003,52.26
1903,Libya,2004,52.85
1904,Libya,2005,53.0
1905,Libya,2006,53.57
1906,Libya,2007,54.22
1907,Libya,2008,54.99
1908,Libya,2009,56.24
1909,Libya,2010,56.92
1910,Libya,2011,58.35
1911,Libya,2012,59.72
1912,Libya,2013,61.52
1913,Libya,2014,63.53
1914,Libya,2015,65.07
1915,Libya,2016,66.21
1916,Libya,2017,66.17
1917,Libya,2018,66.36
1918,Libya,2019,67.14
1919,Lithuania,2001,66.03
1920,Lithuania,2002,65.42
1921,Lithuania,2003,64.07
1922,Lithuania,2004,66.76
1923,Lithuania,2005,67.73
1924,Lithuania,2006,69.2
1925,Lithuania,2007,71.66
1926,Lithuania,2008,75.12
1927,Lithuania,2009,75.68
1928,Lithuania,2010,76.9
1929,Lithuania,2011,77.14
1930,Lithuania,2012,77.49
1931,Lithuania,2013,77.71
1932,Lithuania,2014,77.07
1933,Lithuania,2015,76.91
1934,Lithuania,2016,78.9
1935,Lithuania,2017,79.04
1936,Lithuania,2018,78.69
1937,Lithuania,2019,79.3
1938,Low & middle income,2001,35.27
1939,Low & middle income,2002,35.92
1940,Low & middle income,2003,36.4
1941,Low & middle income,2004,37.49
1942,Low & middle income,2005,37.99
1943,Low & middle income,2006,39.02
1944,Low & middle income,2007,39.67
1945,Low & middle income,2008,40.58
1946,Low & middle income,2009,41.59
1947,Low & middle income,2010,42.26
1948,Low & middle income,2011,43.38
1949,Low & middle income,2012,44.26
1950,Low & middle income,2013,45.67
1951,Low & middle income,2014,47.03
1952,Low & middle income,2015,48.09
1953,Low & middle income,2016,49.06
1954,Low & middle income,2017,50.0
1955,Low & middle income,2018,50.8
1956,Low & middle income,2019,51.78
1957,Luxembourg,2001,92.3
1958,Luxembourg,2002,92.45
1959,Luxembourg,2003,92.05
1960,Luxembourg,2004,91.97
1961,Luxembourg,2005,93.12
1962,Luxembourg,2006,93.62
1963,Luxembourg,2007,93.3
1964,Luxembourg,2008,92.47
1965,Luxembourg,2009,95.02
1966,Luxembourg,2010,94.3
1967,Luxembourg,2011,94.96
1968,Luxembourg,2012,95.17
1969,Luxembourg,2013,94.79
1970,Luxembourg,2014,94.92
1971,Luxembourg,2015,94.86
1972,Luxembourg,2016,94.72
1973,Luxembourg,2017,96.0
1974,Luxembourg,2018,95.43
1975,Luxembourg,2019,95.25
1976,"Macao SAR, China",2001,87.73
1977,"Macao SAR, China",2002,88.83
1978,"Macao SAR, China",2003,89.94
1979,"Macao SAR, China",2004,90.95
1980,"Macao SAR, China",2005,91.26
1981,"Macao SAR, China",2006,92.4
1982,"Macao SAR, China",2007,94.47
1983,"Macao SAR, China",2008,93.92
1984,"Macao SAR, China",2009,95.41
1985,"Macao SAR, China",2010,96.11
1986,"Macao SAR, China",2011,96.42
1987,"Macao SAR, China",2012,96.55
1988,"Macao SAR, China",2013,96.62
1989,"Macao SAR, China",2014,95.81
1990,"Macao SAR, China",2015,95.78
1991,"Macao SAR, China",2016,96.39
1992,"Macao SAR, China",2017,97.32
1993,"Macao SAR, China",2018,97.49
1994,"Macao SAR, China",2019,97.59
1995,Madagascar,2001,13.98
1996,Madagascar,2002,14.13
1997,Madagascar,2003,14.63
1998,Madagascar,2004,15.34
1999,Madagascar,2005,15.88
2000,Madagascar,2006,17.22
2001,Madagascar,2007,18.64
2002,Madagascar,2008,20.21
2003,Madagascar,2009,21.62
2004,Madagascar,2010,23.07
2005,Madagascar,2011,24.66
2006,Madagascar,2012,26.34
2007,Madagascar,2013,27.12
2008,Madagascar,2014,27.85
2009,Madagascar,2015,28.58
2010,Madagascar,2016,29.23
2011,Madagascar,2017,29.84
2012,Madagascar,2018,30.47
2013,Madagascar,2019,31.13
2014,Malawi,2001,9.12
2015,Malawi,2002,9.32
2016,Malawi,2003,9.58
2017,Malawi,2004,9.9
2018,Malawi,2005,10.11
2019,Malawi,2006,10.32
2020,Malawi,2007,10.65
2021,Malawi,2008,11.14
2022,Malawi,2009,11.6
2023,Malawi,2010,11.98
2024,Malawi,2011,12.35
2025,Malawi,2012,12.64
2026,Malawi,2013,13.02
2027,Malawi,2014,13.46
2028,Malawi,2015,13.73
2029,Malawi,2016,14.02
2030,Malawi,2017,14.43
2031,Malawi,2018,14.76
2032,Malawi,2019,15.13
2033,Malaysia,2001,58.27
2034,Malaysia,2002,61.12
2035,Malaysia,2003,62.18
2036,Malaysia,2004,64.7
2037,Malaysia,2005,65.49
2038,Malaysia,2006,65.3
2039,Malaysia,2007,67.6
2040,Malaysia,2008,68.8
2041,Malaysia,2009,71.41
2042,Malaysia,2010,71.29
2043,Malaysia,2011,72.22
2044,Malaysia,2012,71.73
2045,Malaysia,2013,71.99
2046,Malaysia,2014,72.36
2047,Malaysia,2015,72.84
2048,Malaysia,2016,73.19
2049,Malaysia,2017,72.67
2050,Malaysia,2018,73.64
2051,Malaysia,2019,74.06
2052,Maldives,2001,53.46
2053,Maldives,2002,54.89
2054,Maldives,2003,56.12
2055,Maldives,2004,60.16
2056,Maldives,2005,64.89
2057,Maldives,2006,68.08
2058,Maldives,2007,71.55
2059,Maldives,2008,74.7
2060,Maldives,2009,77.58
2061,Maldives,2010,77.42
2062,Maldives,2011,77.1
2063,Maldives,2012,76.96
2064,Maldives,2013,76.66
2065,Maldives,2014,76.29
2066,Maldives,2015,75.91
2067,Maldives,2016,75.39
2068,Maldives,2017,75.31
2069,Maldives,2018,75.26
2070,Maldives,2019,75.36
2071,Mali,2001,19.77
2072,Mali,2002,20.16
2073,Mali,2003,20.73
2074,Mali,2004,21.05
2075,Mali,2005,21.75
2076,Mali,2006,22.04
2077,Mali,2007,22.56
2078,Mali,2008,23.19
2079,Mali,2009,23.68
2080,Mali,2010,24.35
2081,Mali,2011,25.19
2082,Mali,2012,25.78
2083,Mali,2013,26.02
2084,Mali,2014,27.12
2085,Mali,2015,32.03
2086,Mali,2016,32.29
2087,Mali,2017,30.78
2088,Mali,2018,31.1
2089,Mali,2019,32.16
2090,Malta,2001,76.56
2091,Malta,2002,77.4
2092,Malta,2003,80.83
2093,Malta,2004,82.44
2094,Malta,2005,82.47
2095,Malta,2006,84.02
2096,Malta,2007,85.89
2097,Malta,2008,88.22
2098,Malta,2009,87.09
2099,Malta,2010,86.37
2100,Malta,2011,86.92
2101,Malta,2012,88.74
2102,Malta,2013,87.98
2103,Malta,2014,89.2
2104,Malta,2015,90.98
2105,Malta,2016,91.13
2106,Malta,2017,90.13
2107,Malta,2018,90.71
2108,Malta,2019,90.78
2109,Mauritania,2001,46.38
2110,Mauritania,2002,47.1
2111,Mauritania,2003,48.07
2112,Mauritania,2004,48.85
2113,Mauritania,2005,49.77
2114,Mauritania,2006,50.94
2115,Mauritania,2007,51.54
2116,Mauritania,2008,52.18
2117,Mauritania,2009,52.88
2118,Mauritania,2010,53.64
2119,Mauritania,2011,54.37
2120,Mauritania,2012,55.13
2121,Mauritania,2013,55.93
2122,Mauritania,2014,56.72
2123,Mauritania,2015,57.55
2124,Mauritania,2016,58.28
2125,Mauritania,2017,58.97
2126,Mauritania,2018,59.8
2127,Mauritania,2019,60.63
2128,Mauritius,2001,51.51
2129,Mauritius,2002,54.98
2130,Mauritius,2003,55.72
2131,Mauritius,2004,60.56
2132,Mauritius,2005,62.16
2133,Mauritius,2006,64.57
2134,Mauritius,2007,65.82
2135,Mauritius,2008,66.93
2136,Mauritius,2009,68.27
2137,Mauritius,2010,70.94
2138,Mauritius,2011,72.72
2139,Mauritius,2012,73.54
2140,Mauritius,2013,74.66
2141,Mauritius,2014,75.84
2142,Mauritius,2015,76.97
2143,Mauritius,2016,78.14
2144,Mauritius,2017,79.23
2145,Mauritius,2018,80.22
2146,Mauritius,2019,80.94
2147,Mexico,2001,72.26
2148,Mexico,2002,73.27
2149,Mexico,2003,74.22
2150,Mexico,2004,74.98
2151,Mexico,2005,75.76
2152,Mexico,2006,76.52
2153,Mexico,2007,77.27
2154,Mexico,2008,78.09
2155,Mexico,2009,79.77
2156,Mexico,2010,79.8
2157,Mexico,2011,79.91
2158,Mexico,2012,79.79
2159,Mexico,2013,79.7
2160,Mexico,2014,79.54
2161,Mexico,2015,79.42
2162,Mexico,2016,79.15
2163,Mexico,2017,78.56
2164,Mexico,2018,78.6
2165,Mexico,2019,79.33
2166,Moldova,2001,39.31
2167,Moldova,2002,40.51
2168,Moldova,2003,46.25
2169,Moldova,2004,48.32
2170,Moldova,2005,48.35
2171,Moldova,2006,55.53
2172,Moldova,2007,57.57
2173,Moldova,2008,58.13
2174,Moldova,2009,61.93
2175,Moldova,2010,63.23
2176,Moldova,2011,63.6
2177,Moldova,2012,64.04
2178,Moldova,2013,62.31
2179,Moldova,2014,61.04
2180,Moldova,2015,58.52
2181,Moldova,2016,57.7
2182,Moldova,2017,59.54
2183,Moldova,2018,66.45
2184,Moldova,2019,68.08
2185,Mongolia,2001,42.94
2186,Mongolia,2002,44.7
2187,Mongolia,2003,45.35
2188,Mongolia,2004,49.15
2189,Mongolia,2005,48.86
2190,Mongolia,2006,49.64
2191,Mongolia,2007,49.23
2192,Mongolia,2008,49.36
2193,Mongolia,2009,50.54
2194,Mongolia,2010,56.23
2195,Mongolia,2011,55.57
2196,Mongolia,2012,54.47
2197,Mongolia,2013,58.01
2198,Mongolia,2014,60.16
2199,Mongolia,2015,60.14
2200,Mongolia,2016,59.46
2201,Mongolia,2017,61.93
2202,Mongolia,2018,62.01
2203,Mongolia,2019,62.22
2204,Montenegro,2001,76.44
2205,Montenegro,2002,77.45
2206,Montenegro,2003,78.07
2207,Montenegro,2004,80.56
2208,Montenegro,2005,82.02
2209,Montenegro,2006,82.26
2210,Montenegro,2007,81.79
2211,Montenegro,2008,83.17
2212,Montenegro,2009,84.72
2213,Montenegro,2010,85.61
2214,Montenegro,2011,86.2
2215,Montenegro,2012,86.85
2216,Montenegro,2013,89.67
2217,Montenegro,2014,87.86
2218,Montenegro,2015,83.81
2219,Montenegro,2016,84.8
2220,Montenegro,2017,85.89
2221,Montenegro,2018,84.99
2222,Montenegro,2019,85.56
2223,Morocco,2001,23.09
2224,Morocco,2002,23.83
2225,Morocco,2003,24.42
2226,Morocco,2004,22.77
2227,Morocco,2005,22.62
2228,Morocco,2006,24.03
2229,Morocco,2007,24.46
2230,Morocco,2008,24.77
2231,Morocco,2009,25.29
2232,Morocco,2010,25.8
2233,Morocco,2011,26.28
2234,Morocco,2012,27.89
2235,Morocco,2013,28.9
2236,Morocco,2014,29.79
2237,Morocco,2015,30.6
2238,Morocco,2016,31.62
2239,Morocco,2017,32.48
2240,Morocco,2018,33.52
2241,Morocco,2019,34.58
2242,Mozambique,2001,8.84
2243,Mozambique,2002,9.58
2244,Mozambique,2003,9.83
2245,Mozambique,2004,10.14
2246,Mozambique,2005,10.44
2247,Mozambique,2006,10.92
2248,Mozambique,2007,11.3
2249,Mozambique,2008,11.79
2250,Mozambique,2009,12.23
2251,Mozambique,2010,12.63
2252,Mozambique,2011,13.09
2253,Mozambique,2012,13.59
2254,Mozambique,2013,14.09
2255,Mozambique,2014,14.7
2256,Mozambique,2015,15.33
2257,Mozambique,2016,15.79
2258,Mozambique,2017,16.31
2259,Mozambique,2018,16.69
2260,Mozambique,2019,17.0
2261,Myanmar,2001,30.65
2262,Myanmar,2002,31.13
2263,Myanmar,2003,31.95
2264,Myanmar,2004,32.31
2265,Myanmar,2005,32.55
2266,Myanmar,2006,33.03
2267,Myanmar,2007,33.19
2268,Myanmar,2008,33.75
2269,Myanmar,2009,34.12
2270,Myanmar,2010,34.04
2271,Myanmar,2011,34.53
2272,Myanmar,2012,34.78
2273,Myanmar,2013,34.96
2274,Myanmar,2014,35.01
2275,Myanmar,2015,35.38
2276,Myanmar,2016,37.15
2277,Myanmar,2017,39.1
2278,Myanmar,2018,40.47
2279,Myanmar,2019,40.6
2280,Namibia,2001,64.2
2281,Namibia,2002,64.77
2282,Namibia,2003,65.06
2283,Namibia,2004,65.28
2284,Namibia,2005,65.96
2285,Namibia,2006,66.26
2286,Namibia,2007,66.43
2287,Namibia,2008,66.64
2288,Namibia,2009,67.0
2289,Namibia,2010,67.51
2290,Namibia,2011,67.85
2291,Namibia,2012,68.18
2292,Namibia,2013,63.96
2293,Namibia,2014,64.51
2294,Namibia,2015,70.17
2295,Namibia,2016,75.01
2296,Namibia,2017,73.18
2297,Namibia,2018,71.31
2298,Namibia,2019,72.01
2299,Nepal,2001,10.15
2300,Nepal,2002,10.41
2301,Nepal,2003,10.67
2302,Nepal,2004,10.97
2303,Nepal,2005,11.25
2304,Nepal,2006,11.51
2305,Nepal,2007,11.8
2306,Nepal,2008,12.16
2307,Nepal,2009,12.6
2308,Nepal,2010,13.1
2309,Nepal,2011,13.61
2310,Nepal,2012,14.09
2311,Nepal,2013,14.57
2312,Nepal,2014,15.11
2313,Nepal,2015,15.59
2314,Nepal,2016,15.99
2315,Nepal,2017,16.45
2316,Nepal,2018,16.89
2317,Nepal,2019,17.3
2318,Netherlands,2001,88.63
2319,Netherlands,2002,89.06
2320,Netherlands,2003,89.74
2321,Netherlands,2004,89.78
2322,Netherlands,2005,89.0
2323,Netherlands,2006,89.51
2324,Netherlands,2007,90.25
2325,Netherlands,2008,90.51
2326,Netherlands,2009,90.86
2327,Netherlands,2010,91.51
2328,Netherlands,2011,91.94
2329,Netherlands,2012,91.95
2330,Netherlands,2013,92.64
2331,Netherlands,2014,92.61
2332,Netherlands,2015,92.45
2333,Netherlands,2016,92.44
2334,Netherlands,2017,92.36
2335,Netherlands,2018,92.41
2336,Netherlands,2019,92.36
2337,New Caledonia,2001,88.82
2338,New Caledonia,2002,89.29
2339,New Caledonia,2003,89.78
2340,New Caledonia,2004,90.27
2341,New Caledonia,2005,90.59
2342,New Caledonia,2006,90.76
2343,New Caledonia,2007,90.63
2344,New Caledonia,2008,90.54
2345,New Caledonia,2009,90.69
2346,New Caledonia,2010,90.87
2347,New Caledonia,2011,90.89
2348,New Caledonia,2012,90.92
2349,New Caledonia,2013,90.99
2350,New Caledonia,2014,91.2
2351,New Caledonia,2015,91.29
2352,New Caledonia,2016,91.38
2353,New Caledonia,2017,91.52
2354,New Caledonia,2018,91.61
2355,New Caledonia,2019,91.68
2356,New Zealand,2001,81.95
2357,New Zealand,2002,82.64
2358,New Zealand,2003,83.25
2359,New Zealand,2004,83.12
2360,New Zealand,2005,84.18
2361,New Zealand,2006,84.06
2362,New Zealand,2007,84.72
2363,New Zealand,2008,84.52
2364,New Zealand,2009,85.92
2365,New Zealand,2010,85.97
2366,New Zealand,2011,86.09
2367,New Zealand,2012,86.48
2368,New Zealand,2013,86.6
2369,New Zealand,2014,86.48
2370,New Zealand,2015,86.0
2371,New Zealand,2016,86.62
2372,New Zealand,2017,86.26
2373,New Zealand,2018,86.89
2374,New Zealand,2019,87.34
2375,Nicaragua,2001,72.96
2376,Nicaragua,2002,73.24
2377,Nicaragua,2003,73.46
2378,Nicaragua,2004,73.27
2379,Nicaragua,2005,72.87
2380,Nicaragua,2006,73.85
2381,Nicaragua,2007,72.04
2382,Nicaragua,2008,75.0
2383,Nicaragua,2009,76.11
2384,Nicaragua,2010,76.24
2385,Nicaragua,2011,76.12
2386,Nicaragua,2012,76.27
2387,Nicaragua,2013,76.44
2388,Nicaragua,2014,76.57
2389,Nicaragua,2015,77.1
2390,Nicaragua,2016,77.67
2391,Nicaragua,2017,78.13
2392,Nicaragua,2018,78.87
2393,Nicaragua,2019,79.48
2394,Niger,2001,13.16
2395,Niger,2002,13.56
2396,Niger,2003,13.83
2397,Niger,2004,13.88
2398,Niger,2005,14.44
2399,Niger,2006,14.88
2400,Niger,2007,15.1
2401,Niger,2008,15.71
2402,Niger,2009,15.81
2403,Niger,2010,16.45
2404,Niger,2011,16.66
2405,Niger,2012,17.22
2406,Niger,2013,17.6
2407,Niger,2014,18.21
2408,Niger,2015,18.65
2409,Niger,2016,19.33
2410,Niger,2017,19.84
2411,Niger,2018,20.62
2412,Niger,2019,21.18
2413,Nigeria,2001,45.37
2414,Nigeria,2002,46.76
2415,Nigeria,2003,47.66
2416,Nigeria,2004,48.63
2417,Nigeria,2005,49.74
2418,Nigeria,2006,50.89
2419,Nigeria,2007,52.06
2420,Nigeria,2008,53.25
2421,Nigeria,2009,54.52
2422,Nigeria,2010,55.79
2423,Nigeria,2011,57.04
2424,Nigeria,2012,58.23
2425,Nigeria,2013,59.43
2426,Nigeria,2014,60.27
2427,Nigeria,2015,60.99
2428,Nigeria,2016,61.67
2429,Nigeria,2017,62.35
2430,Nigeria,2018,62.95
2431,Nigeria,2019,63.57
2432,North Macedonia,2001,44.36
2433,North Macedonia,2002,45.72
2434,North Macedonia,2003,47.11
2435,North Macedonia,2004,48.41
2436,North Macedonia,2005,49.33
2437,North Macedonia,2006,50.41
2438,North Macedonia,2007,54.04
2439,North Macedonia,2008,54.75
2440,North Macedonia,2009,55.2
2441,North Macedonia,2010,55.44
2442,North Macedonia,2011,55.75
2443,North Macedonia,2012,57.94
2444,North Macedonia,2013,53.97
2445,North Macedonia,2014,55.46
2446,North Macedonia,2015,58.05
2447,North Macedonia,2016,59.18
2448,North Macedonia,2017,59.42
2449,North Macedonia,2018,58.48
2450,North Macedonia,2019,60.8
2451,Norway,2001,88.6
2452,Norway,2002,89.17
2453,Norway,2003,89.13
2454,Norway,2004,89.92
2455,Norway,2005,90.36
2456,Norway,2006,90.6
2457,Norway,2007,90.63
2458,Norway,2008,90.83
2459,Norway,2009,91.72
2460,Norway,2010,91.96
2461,Norway,2011,91.66
2462,Norway,2012,91.65
2463,Norway,2013,91.68
2464,Norway,2014,91.54
2465,Norway,2015,91.87
2466,Norway,2016,92.08
2467,Norway,2017,92.27
2468,Norway,2018,91.91
2469,Norway,2019,92.09
2470,Oman,2001,81.91
2471,Oman,2002,82.92
2472,Oman,2003,83.89
2473,Oman,2004,84.71
2474,Oman,2005,85.46
2475,Oman,2006,86.06
2476,Oman,2007,86.6
2477,Oman,2008,87.02
2478,Oman,2009,90.83
2479,Oman,2010,93.49
2480,Oman,2011,93.67
2481,Oman,2012,93.99
2482,Oman,2013,94.47
2483,Oman,2014,94.81
2484,Oman,2015,94.98
2485,Oman,2016,95.13
2486,Oman,2017,95.3
2487,Oman,2018,95.47
2488,Oman,2019,95.6
2489,Pakistan,2001,19.24
2490,Pakistan,2002,19.68
2491,Pakistan,2003,19.94
2492,Pakistan,2004,18.78
2493,Pakistan,2005,17.69
2494,Pakistan,2006,16.02
2495,Pakistan,2007,14.77
2496,Pakistan,2008,12.63
2497,Pakistan,2009,14.54
2498,Pakistan,2010,14.4
2499,Pakistan,2011,14.11
2500,Pakistan,2012,13.9
2501,Pakistan,2013,13.71
2502,Pakistan,2014,13.85
2503,Pakistan,2015,13.42
2504,Pakistan,2016,12.7
2505,Pakistan,2017,14.78
2506,Pakistan,2018,17.11
2507,Pakistan,2019,18.01
2508,Panama,2001,87.47
2509,Panama,2002,87.42
2510,Panama,2003,87.45
2511,Panama,2004,88.05
2512,Panama,2005,86.53
2513,Panama,2006,86.68
2514,Panama,2007,86.97
2515,Panama,2008,82.43
2516,Panama,2009,81.97
2517,Panama,2010,82.79
2518,Panama,2011,83.78
2519,Panama,2012,83.08
2520,Panama,2013,80.72
2521,Panama,2014,81.59
2522,Panama,2015,82.61
2523,Panama,2016,81.01
2524,Panama,2017,81.63
2525,Panama,2018,82.18
2526,Panama,2019,82.26
2527,Papua New Guinea,2001,21.96
2528,Papua New Guinea,2002,22.29
2529,Papua New Guinea,2003,22.7
2530,Papua New Guinea,2004,23.38
2531,Papua New Guinea,2005,23.86
2532,Papua New Guinea,2006,24.47
2533,Papua New Guinea,2007,25.38
2534,Papua New Guinea,2008,25.91
2535,Papua New Guinea,2009,26.87
2536,Papua New Guinea,2010,27.82
2537,Papua New Guinea,2011,28.76
2538,Papua New Guinea,2012,29.82
2539,Papua New Guinea,2013,30.2
2540,Papua New Guinea,2014,30.59
2541,Papua New Guinea,2015,31.79
2542,Papua New Guinea,2016,32.6
2543,Papua New Guinea,2017,33.25
2544,Papua New Guinea,2018,33.87
2545,Papua New Guinea,2019,34.75
2546,Paraguay,2001,69.54
2547,Paraguay,2002,70.45
2548,Paraguay,2003,70.32
2549,Paraguay,2004,64.7
2550,Paraguay,2005,68.53
2551,Paraguay,2006,70.66
2552,Paraguay,2007,68.69
2553,Paraguay,2008,72.62
2554,Paraguay,2009,69.08
2555,Paraguay,2010,73.22
2556,Paraguay,2011,71.68
2557,Paraguay,2012,69.3
2558,Paraguay,2013,75.98
2559,Paraguay,2014,74.94
2560,Paraguay,2015,76.41
2561,Paraguay,2016,76.98
2562,Paraguay,2017,76.4
2563,Paraguay,2018,77.29
2564,Paraguay,2019,78.5
2565,Peru,2001,59.13
2566,Peru,2002,59.63
2567,Peru,2003,59.63
2568,Peru,2004,59.62
2569,Peru,2005,58.46
2570,Peru,2006,59.95
2571,Peru,2007,62.4
2572,Peru,2008,62.7
2573,Peru,2009,62.98
2574,Peru,2010,63.32
2575,Peru,2011,63.55
2576,Peru,2012,63.94
2577,Peru,2013,63.83
2578,Peru,2014,64.0
2579,Peru,2015,63.92
2580,Peru,2016,63.54
2581,Peru,2017,65.05
2582,Peru,2018,65.12
2583,Peru,2019,65.39
2584,Philippines,2001,63.44
2585,Philippines,2002,63.59
2586,Philippines,2003,64.22
2587,Philippines,2004,64.76
2588,Philippines,2005,65.31
2589,Philippines,2006,65.84
2590,Philippines,2007,66.37
2591,Philippines,2008,66.79
2592,Philippines,2009,67.22
2593,Philippines,2010,67.86
2594,Philippines,2011,68.42
2595,Philippines,2012,68.99
2596,Philippines,2013,69.75
2597,Philippines,2014,69.71
2598,Philippines,2015,71.04
2599,Philippines,2016,72.81
2600,Philippines,2017,74.78
2601,Philippines,2018,75.81
2602,Philippines,2019,76.69
2603,Poland,2001,62.05
2604,Poland,2002,63.72
2605,Poland,2003,65.62
2606,Poland,2004,65.75
2607,Poland,2005,66.25
2608,Poland,2006,67.54
2609,Poland,2007,68.02
2610,Poland,2008,68.35
2611,Poland,2009,70.08
2612,Poland,2010,71.19
2613,Poland,2011,71.25
2614,Poland,2012,72.19
2615,Poland,2013,72.97
2616,Poland,2014,73.28
2617,Poland,2015,73.22
2618,Poland,2016,73.8
2619,Poland,2017,73.96
2620,Poland,2018,74.22
2621,Poland,2019,74.43
2622,Portugal,2001,63.14
2623,Portugal,2002,64.99
2624,Portugal,2003,65.32
2625,Portugal,2004,67.71
2626,Portugal,2005,68.48
2627,Portugal,2006,68.83
2628,Portugal,2007,69.53
2629,Portugal,2008,71.33
2630,Portugal,2009,72.31
2631,Portugal,2010,73.13
2632,Portugal,2011,75.41
2633,Portugal,2012,76.27
2634,Portugal,2013,77.36
2635,Portugal,2014,78.72
2636,Portugal,2015,79.37
2637,Portugal,2016,80.07
2638,Portugal,2017,80.54
2639,Portugal,2018,80.71
2640,Portugal,2019,81.37
2641,Puerto Rico,2001,86.0
2642,Puerto Rico,2002,87.87
2643,Puerto Rico,2003,88.22
2644,Puerto Rico,2004,88.98
2645,Puerto Rico,2005,88.75
2646,Puerto Rico,2006,88.44
2647,Puerto Rico,2007,89.5
2648,Puerto Rico,2008,89.8
2649,Puerto Rico,2009,89.96
2650,Puerto Rico,2010,90.2
2651,Puerto Rico,2011,90.5
2652,Puerto Rico,2012,90.73
2653,Puerto Rico,2013,90.94
2654,Puerto Rico,2014,91.12
2655,Puerto Rico,2015,91.33
2656,Puerto Rico,2016,91.5
2657,Puerto Rico,2017,91.64
2658,Puerto Rico,2018,91.8
2659,Puerto Rico,2019,91.82
2660,Qatar,2001,96.65
2661,Qatar,2002,96.67
2662,Qatar,2003,96.65
2663,Qatar,2004,96.66
2664,Qatar,2005,96.4
2665,Qatar,2006,96.06
2666,Qatar,2007,94.88
2667,Qatar,2008,95.71
2668,Qatar,2009,93.37
2669,Qatar,2010,94.81
2670,Qatar,2011,95.95
2671,Qatar,2012,95.75
2672,Qatar,2013,95.63
2673,Qatar,2014,94.86
2674,Qatar,2015,94.08
2675,Qatar,2016,93.52
2676,Qatar,2017,93.5
2677,Qatar,2018,93.75
2678,Qatar,2019,93.83
2679,Romania,2001,31.7
2680,Romania,2002,35.52
2681,Romania,2003,36.35
2682,Romania,2004,40.98
2683,Romania,2005,42.18
2684,Romania,2006,43.27
2685,Romania,2007,44.34
2686,Romania,2008,45.77
2687,Romania,2009,47.35
2688,Romania,2010,47.75
2689,Romania,2011,49.04
2690,Romania,2012,49.01
2691,Romania,2013,49.58
2692,Romania,2014,50.02
2693,Romania,2015,54.4
2694,Romania,2016,56.36
2695,Romania,2017,56.03
2696,Romania,2018,56.34
2697,Romania,2019,58.07
2698,Russian Federation,2001,67.42
2699,Russian Federation,2002,68.05
2700,Russian Federation,2003,69.64
2701,Russian Federation,2004,70.51
2702,Russian Federation,2005,71.37
2703,Russian Federation,2006,72.21
2704,Russian Federation,2007,72.9
2705,Russian Federation,2008,74.63
2706,Russian Federation,2009,75.96
2707,Russian Federation,2010,76.77
2708,Russian Federation,2011,77.26
2709,Russian Federation,2012,77.53
2710,Russian Federation,2013,77.72
2711,Russian Federation,2014,78.3
2712,Russian Federation,2015,78.83
2713,Russian Federation,2016,78.98
2714,Russian Federation,2017,80.17
2715,Russian Federation,2018,80.27
2716,Russian Federation,2019,80.54
2717,Rwanda,2001,5.76
2718,Rwanda,2002,6.1
2719,Rwanda,2003,6.51
2720,Rwanda,2004,6.98
2721,Rwanda,2005,7.48
2722,Rwanda,2006,7.95
2723,Rwanda,2007,8.34
2724,Rwanda,2008,8.93
2725,Rwanda,2009,9.55
2726,Rwanda,2010,10.17
2727,Rwanda,2011,10.9
2728,Rwanda,2012,11.68
2729,Rwanda,2013,14.81
2730,Rwanda,2014,18.93
2731,Rwanda,2015,20.65
2732,Rwanda,2016,22.08
2733,Rwanda,2017,23.71
2734,Rwanda,2018,25.13
2735,Rwanda,2019,26.28
2736,Samoa,2001,52.43
2737,Samoa,2002,52.91
2738,Samoa,2003,53.33
2739,Samoa,2004,53.38
2740,Samoa,2005,53.57
2741,Samoa,2006,53.66
2742,Samoa,2007,53.5
2743,Samoa,2008,53.61
2744,Samoa,2009,53.91
2745,Samoa,2010,54.23
2746,Samoa,2011,54.19
2747,Samoa,2012,54.31
2748,Samoa,2013,54.37
2749,Samoa,2014,54.74
2750,Samoa,2015,54.85
2751,Samoa,2016,54.87
2752,Samoa,2017,55.25
2753,Samoa,2018,55.93
2754,Samoa,2019,56.13
2755,Sao Tome and Principe,2001,77.23
2756,Sao Tome and Principe,2002,77.72
2757,Sao Tome and Principe,2003,78.62
2758,Sao Tome and Principe,2004,78.28
2759,Sao Tome and Principe,2005,80.64
2760,Sao Tome and Principe,2006,81.34
2761,Sao Tome and Principe,2007,81.85
2762,Sao Tome and Principe,2008,82.39
2763,Sao Tome and Principe,2009,82.88
2764,Sao Tome and Principe,2010,83.52
2765,Sao Tome and Principe,2011,84.08
2766,Sao Tome and Principe,2012,84.64
2767,Sao Tome and Principe,2013,85.23
2768,Sao Tome and Principe,2014,85.84
2769,Sao Tome and Principe,2015,86.34
2770,Sao Tome and Principe,2016,86.82
2771,Sao Tome and Principe,2017,87.29
2772,Sao Tome and Principe,2018,87.73
2773,Sao Tome and Principe,2019,88.19
2774,Saudi Arabia,2001,98.13
2775,Saudi Arabia,2002,98.17
2776,Saudi Arabia,2003,98.31
2777,Saudi Arabia,2004,98.42
2778,Saudi Arabia,2005,98.51
2779,Saudi Arabia,2006,98.57
2780,Saudi Arabia,2007,98.2
2781,Saudi Arabia,2008,98.67
2782,Saudi Arabia,2009,98.41
2783,Saudi Arabia,2010,98.33
2784,Saudi Arabia,2011,98.2
2785,Saudi Arabia,2012,98.07
2786,Saudi Arabia,2013,97.91
2787,Saudi Arabia,2014,98.06
2788,Saudi Arabia,2015,97.89
2789,Saudi Arabia,2016,97.84
2790,Saudi Arabia,2017,97.63
2791,Saudi Arabia,2018,97.35
2792,Saudi Arabia,2019,97.56
2793,Senegal,2001,49.6
2794,Senegal,2002,49.93
2795,Senegal,2003,51.28
2796,Senegal,2004,52.27
2797,Senegal,2005,53.56
2798,Senegal,2006,54.4
2799,Senegal,2007,55.46
2800,Senegal,2008,56.79
2801,Senegal,2009,57.95
2802,Senegal,2010,59.17
2803,Senegal,2011,60.01
2804,Senegal,2012,61.46
2805,Senegal,2013,62.68
2806,Senegal,2014,64.2
2807,Senegal,2015,65.57
2808,Senegal,2016,66.71
2809,Senegal,2017,67.88
2810,Senegal,2018,68.94
2811,Senegal,2019,69.84
2812,Serbia,2001,55.06
2813,Serbia,2002,55.78
2814,Serbia,2003,56.56
2815,Serbia,2004,57.45
2816,Serbia,2005,59.19
2817,Serbia,2006,62.15
2818,Serbia,2007,60.84
2819,Serbia,2008,58.0
2820,Serbia,2009,61.47
2821,Serbia,2010,62.97
2822,Serbia,2011,64.04
2823,Serbia,2012,63.91
2824,Serbia,2013,63.06
2825,Serbia,2014,65.19
2826,Serbia,2015,66.78
2827,Serbia,2016,67.53
2828,Serbia,2017,68.14
2829,Serbia,2018,67.71
2830,Serbia,2019,67.78
2831,Sierra Leone,2001,23.42
2832,Sierra Leone,2002,24.86
2833,Sierra Leone,2003,25.63
2834,Sierra Leone,2004,26.39
2835,Sierra Leone,2005,27.33
2836,Sierra Leone,2006,28.43
2837,Sierra Leone,2007,29.99
2838,Sierra Leone,2008,31.48
2839,Sierra Leone,2009,32.92
2840,Sierra Leone,2010,34.38
2841,Sierra Leone,2011,36.16
2842,Sierra Leone,2012,38.3
2843,Sierra Leone,2013,40.76
2844,Sierra Leone,2014,42.78
2845,Sierra Leone,2015,42.75
2846,Sierra Leone,2016,43.88
2847,Sierra Leone,2017,45.11
2848,Sierra Leone,2018,45.99
2849,Sierra Leone,2019,47.01
2850,Singapore,2001,78.84
2851,Singapore,2002,79.11
2852,Singapore,2003,79.28
2853,Singapore,2004,80.18
2854,Singapore,2005,82.36
2855,Singapore,2006,82.55
2856,Singapore,2007,82.13
2857,Singapore,2008,82.77
2858,Singapore,2009,83.49
2859,Singapore,2010,84.6
2860,Singapore,2011,85.47
2861,Singapore,2012,85.42
2862,Singapore,2013,85.36
2863,Singapore,2014,87.62
2864,Singapore,2015,87.75
2865,Singapore,2016,88.1
2866,Singapore,2017,88.39
2867,Singapore,2018,88.66
2868,Singapore,2019,89.01
2869,Slovak Republic,2001,71.48
2870,Slovak Republic,2002,69.51
2871,Slovak Republic,2003,70.68
2872,Slovak Republic,2004,70.86
2873,Slovak Republic,2005,72.13
2874,Slovak Republic,2006,72.83
2875,Slovak Republic,2007,73.45
2876,Slovak Republic,2008,73.4
2877,Slovak Republic,2009,75.78
2878,Slovak Republic,2010,77.13
2879,Slovak Republic,2011,77.2
2880,Slovak Republic,2012,77.4
2881,Slovak Republic,2013,79.09
2882,Slovak Republic,2014,78.34
2883,Slovak Republic,2015,77.92
2884,Slovak Republic,2016,77.43
2885,Slovak Republic,2017,77.31
2886,Slovak Republic,2018,78.2
2887,Slovak Republic,2019,78.4
2888,Slovenia,2001,61.38
2889,Slovenia,2002,61.69
2890,Slovenia,2003,65.62
2891,Slovenia,2004,64.88
2892,Slovenia,2005,65.55
2893,Slovenia,2006,67.12
2894,Slovenia,2007,66.81
2895,Slovenia,2008,68.93
2896,Slovenia,2009,69.31
2897,Slovenia,2010,70.96
2898,Slovenia,2011,73.75
2899,Slovenia,2012,73.91
2900,Slovenia,2013,73.51
2901,Slovenia,2014,72.52
2902,Slovenia,2015,74.67
2903,Slovenia,2016,76.7
2904,Slovenia,2017,76.15
2905,Slovenia,2018,74.65
2906,Slovenia,2019,76.01
2907,Solomon Islands,2001,46.25
2908,Solomon Islands,2002,44.7
2909,Solomon Islands,2003,44.04
2910,Solomon Islands,2004,44.81
2911,Solomon Islands,2005,46.7
2912,Solomon Islands,2006,47.65
2913,Solomon Islands,2007,47.96
2914,Solomon Islands,2008,49.37
2915,Solomon Islands,2009,49.66
2916,Solomon Islands,2010,49.99
2917,Solomon Islands,2011,51.72
2918,Solomon Islands,2012,52.68
2919,Solomon Islands,2013,53.4
2920,Solomon Islands,2014,53.99
2921,Solomon Islands,2015,54.76
2922,Solomon Islands,2016,55.27
2923,Solomon Islands,2017,55.85
2924,Solomon Islands,2018,56.43
2925,Solomon Islands,2019,56.89
2926,Somalia,2001,10.52
2927,Somalia,2002,10.76
2928,Somalia,2003,11.0
2929,Somalia,2004,11.22
2930,Somalia,2005,11.44
2931,Somalia,2006,11.66
2932,Somalia,2007,12.14
2933,Somalia,2008,12.33
2934,Somalia,2009,12.52
2935,Somalia,2010,12.72
2936,Somalia,2011,12.92
2937,Somalia,2012,13.13
2938,Somalia,2013,13.39
2939,Somalia,2014,13.68
2940,Somalia,2015,14.05
2941,Somalia,2016,14.39
2942,Somalia,2017,14.63
2943,Somalia,2018,14.96
2944,Somalia,2019,15.32
2945,South Africa,2001,77.65
2946,South Africa,2002,78.79
2947,South Africa,2003,79.44
2948,South Africa,2004,80.19
2949,South Africa,2005,81.0
2950,South Africa,2006,81.82
2951,South Africa,2007,82.45
2952,South Africa,2008,82.78
2953,South Africa,2009,83.29
2954,South Africa,2010,83.22
2955,South Africa,2011,83.61
2956,South Africa,2012,84.16
2957,South Africa,2013,84.11
2958,South Africa,2014,84.77
2959,South Africa,2015,84.04
2960,South Africa,2016,84.21
2961,South Africa,2017,84.01
2962,South Africa,2018,84.51
2963,South Africa,2019,84.23
2964,South Sudan,2001,12.79
2965,South Sudan,2002,12.97
2966,South Sudan,2003,13.14
2967,South Sudan,2004,13.36
2968,South Sudan,2005,13.53
2969,South Sudan,2006,13.65
2970,South Sudan,2007,13.77
2971,South Sudan,2008,13.94
2972,South Sudan,2009,14.26
2973,South Sudan,2010,14.58
2974,South Sudan,2011,14.76
2975,South Sudan,2012,15.14
2976,South Sudan,2013,15.53
2977,South Sudan,2014,15.77
2978,South Sudan,2015,16.16
2979,South Sudan,2016,16.73
2980,South Sudan,2017,17.16
2981,South Sudan,2018,17.71
2982,South Sudan,2019,18.16
2983,Spain,2001,81.14
2984,Spain,2002,81.71
2985,Spain,2003,82.79
2986,Spain,2004,83.56
2987,Spain,2005,84.06
2988,Spain,2006,85.1
2989,Spain,2007,85.44
2990,Spain,2008,86.2
2991,Spain,2009,87.47
2992,Spain,2010,88.0
2993,Spain,2011,88.7
2994,Spain,2012,88.53
2995,Spain,2013,89.28
2996,Spain,2014,89.32
2997,Spain,2015,89.21
2998,Spain,2016,89.43
2999,Spain,2017,88.88
3000,Spain,2018,88.72
3001,Spain,2019,88.55
3002,Sri Lanka,2001,29.89
3003,Sri Lanka,2002,30.86
3004,Sri Lanka,2003,31.66
3005,Sri Lanka,2004,32.52
3006,Sri Lanka,2005,33.38
3007,Sri Lanka,2006,34.36
3008,Sri Lanka,2007,35.3
3009,Sri Lanka,2008,36.26
3010,Sri Lanka,2009,37.22
3011,Sri Lanka,2010,37.38
3012,Sri Lanka,2011,38.78
3013,Sri Lanka,2012,40.11
3014,Sri Lanka,2013,40.91
3015,Sri Lanka,2014,41.58
3016,Sri Lanka,2015,42.23
3017,Sri Lanka,2016,44.03
3018,Sri Lanka,2017,43.42
3019,Sri Lanka,2018,45.51
3020,Sri Lanka,2019,46.5
3021,St. Lucia,2001,73.79
3022,St. Lucia,2002,75.86
3023,St. Lucia,2003,77.91
3024,St. Lucia,2004,78.31
3025,St. Lucia,2005,78.48
3026,St. Lucia,2006,80.01
3027,St. Lucia,2007,81.2
3028,St. Lucia,2008,81.83
3029,St. Lucia,2009,82.83
3030,St. Lucia,2010,83.83
3031,St. Lucia,2011,84.68
3032,St. Lucia,2012,85.69
3033,St. Lucia,2013,86.63
3034,St. Lucia,2014,87.48
3035,St. Lucia,2015,88.25
3036,St. Lucia,2016,88.91
3037,St. Lucia,2017,89.51
3038,St. Lucia,2018,88.61
3039,St. Lucia,2019,90.77
3040,St. Vincent and the Grenadines,2001,83.8
3041,St. Vincent and the Grenadines,2002,84.23
3042,St. Vincent and the Grenadines,2003,84.49
3043,St. Vincent and the Grenadines,2004,84.83
3044,St. Vincent and the Grenadines,2005,85.24
3045,St. Vincent and the Grenadines,2006,85.41
3046,St. Vincent and the Grenadines,2007,85.67
3047,St. Vincent and the Grenadines,2008,86.11
3048,St. Vincent and the Grenadines,2009,86.56
3049,St. Vincent and the Grenadines,2010,87.03
3050,St. Vincent and the Grenadines,2011,87.43
3051,St. Vincent and the Grenadines,2012,87.75
3052,St. Vincent and the Grenadines,2013,88.0
3053,St. Vincent and the Grenadines,2014,88.3
3054,St. Vincent and the Grenadines,2015,88.54
3055,St. Vincent and the Grenadines,2016,88.77
3056,St. Vincent and the Grenadines,2017,89.0
3057,St. Vincent and the Grenadines,2018,89.2
3058,St. Vincent and the Grenadines,2019,89.44
3059,Sudan,2001,31.89
3060,Sudan,2002,32.21
3061,Sudan,2003,32.49
3062,Sudan,2004,33.18
3063,Sudan,2005,33.43
3064,Sudan,2006,33.56
3065,Sudan,2007,33.65
3066,Sudan,2008,33.99
3067,Sudan,2009,34.7
3068,Sudan,2010,35.69
3069,Sudan,2011,35.53
3070,Sudan,2012,35.9
3071,Sudan,2013,36.7
3072,Sudan,2014,37.7
3073,Sudan,2015,38.52
3074,Sudan,2016,39.39
3075,Sudan,2017,40.36
3076,Sudan,2018,41.88
3077,Sudan,2019,43.48
3078,Suriname,2001,87.69
3079,Suriname,2002,87.27
3080,Suriname,2003,87.04
3081,Suriname,2004,86.68
3082,Suriname,2005,86.64
3083,Suriname,2006,86.56
3084,Suriname,2007,86.57
3085,Suriname,2008,86.52
3086,Suriname,2009,86.84
3087,Suriname,2010,86.86
3088,Suriname,2011,86.81
3089,Suriname,2012,86.94
3090,Suriname,2013,87.09
3091,Suriname,2014,87.31
3092,Suriname,2015,87.43
3093,Suriname,2016,87.51
3094,Suriname,2017,87.78
3095,Suriname,2018,87.9
3096,Suriname,2019,87.93
3097,Sweden,2001,87.61
3098,Sweden,2002,88.44
3099,Sweden,2003,89.0
3100,Sweden,2004,89.28
3101,Sweden,2005,89.64
3102,Sweden,2006,89.74
3103,Sweden,2007,89.94
3104,Sweden,2008,90.88
3105,Sweden,2009,91.34
3106,Sweden,2010,91.41
3107,Sweden,2011,91.52
3108,Sweden,2012,91.26
3109,Sweden,2013,91.27
3110,Sweden,2014,91.89
3111,Sweden,2015,92.07
3112,Sweden,2016,92.04
3113,Sweden,2017,91.87
3114,Sweden,2018,92.0
3115,Sweden,2019,92.16
3116,Switzerland,2001,84.28
3117,Switzerland,2002,84.98
3118,Switzerland,2003,85.51
3119,Switzerland,2004,85.82
3120,Switzerland,2005,86.16
3121,Switzerland,2006,86.1
3122,Switzerland,2007,86.48
3123,Switzerland,2008,85.92
3124,Switzerland,2009,86.79
3125,Switzerland,2010,86.61
3126,Switzerland,2011,86.74
3127,Switzerland,2012,86.74
3128,Switzerland,2013,86.59
3129,Switzerland,2014,86.72
3130,Switzerland,2015,87.03
3131,Switzerland,2016,87.26
3132,Switzerland,2017,87.27
3133,Switzerland,2018,87.59
3134,Switzerland,2019,87.89
3135,Syrian Arab Republic,2001,34.3
3136,Syrian Arab Republic,2002,38.39
3137,Syrian Arab Republic,2003,42.85
3138,Syrian Arab Republic,2004,48.59
3139,Syrian Arab Republic,2005,54.4
3140,Syrian Arab Republic,2006,60.24
3141,Syrian Arab Republic,2007,65.91
3142,Syrian Arab Republic,2008,69.14
3143,Syrian Arab Republic,2009,72.65
3144,Syrian Arab Republic,2010,75.41
3145,Syrian Arab Republic,2011,77.97
3146,Syrian Arab Republic,2012,79.84
3147,Syrian Arab Republic,2013,81.77
3148,Syrian Arab Republic,2014,82.91
3149,Syrian Arab Republic,2015,83.58
3150,Syrian Arab Republic,2016,84.02
3151,Syrian Arab Republic,2017,84.42
3152,Syrian Arab Republic,2018,84.6
3153,Syrian Arab Republic,2019,84.88
3154,Tajikistan,2001,17.7
3155,Tajikistan,2002,18.08
3156,Tajikistan,2003,18.55
3157,Tajikistan,2004,19.13
3158,Tajikistan,2005,20.37
3159,Tajikistan,2006,21.34
3160,Tajikistan,2007,22.39
3161,Tajikistan,2008,23.64
3162,Tajikistan,2009,24.97
3163,Tajikistan,2010,25.55
3164,Tajikistan,2011,26.35
3165,Tajikistan,2012,26.98
3166,Tajikistan,2013,27.69
3167,Tajikistan,2014,28.52
3168,Tajikistan,2015,29.33
3169,Tajikistan,2016,30.06
3170,Tajikistan,2017,30.96
3171,Tajikistan,2018,31.68
3172,Tajikistan,2019,32.58
3173,Tanzania,2001,13.74
3174,Tanzania,2002,14.96
3175,Tanzania,2003,16.27
3176,Tanzania,2004,17.75
3177,Tanzania,2005,19.23
3178,Tanzania,2006,20.87
3179,Tanzania,2007,21.25
3180,Tanzania,2008,21.81
3181,Tanzania,2009,22.39
3182,Tanzania,2010,22.97
3183,Tanzania,2011,23.64
3184,Tanzania,2012,24.36
3185,Tanzania,2013,25.18
3186,Tanzania,2014,26.02
3187,Tanzania,2015,26.93
3188,Tanzania,2016,27.81
3189,Tanzania,2017,28.76
3190,Tanzania,2018,29.47
3191,Tanzania,2019,30.22
3192,Thailand,2001,37.92
3193,Thailand,2002,39.25
3194,Thailand,2003,40.63
3195,Thailand,2004,42.1
3196,Thailand,2005,41.09
3197,Thailand,2006,41.96
3198,Thailand,2007,42.16
3199,Thailand,2008,42.92
3200,Thailand,2009,44.69
3201,Thailand,2010,45.74
3202,Thailand,2011,44.03
3203,Thailand,2012,42.14
3204,Thailand,2013,43.18
3205,Thailand,2014,48.25
3206,Thailand,2015,49.39
3207,Thailand,2016,51.07
3208,Thailand,2017,51.65
3209,Thailand,2018,50.85
3210,Thailand,2019,51.97
3211,Timor-Leste,2001,36.53
3212,Timor-Leste,2002,35.22
3213,Timor-Leste,2003,38.9
3214,Timor-Leste,2004,38.74
3215,Timor-Leste,2005,40.54
3216,Timor-Leste,2006,39.18
3217,Timor-Leste,2007,38.92
3218,Timor-Leste,2008,39.43
3219,Timor-Leste,2009,40.52
3220,Timor-Leste,2010,42.35
3221,Timor-Leste,2011,44.08
3222,Timor-Leste,2012,45.07
3223,Timor-Leste,2013,47.32
3224,Timor-Leste,2014,48.41
3225,Timor-Leste,2015,50.38
3226,Timor-Leste,2016,52.06
3227,Timor-Leste,2017,52.92
3228,Timor-Leste,2018,53.17
3229,Timor-Leste,2019,53.26
3230,Togo,2001,36.58
3231,Togo,2002,37.46
3232,Togo,2003,38.39
3233,Togo,2004,38.87
3234,Togo,2005,39.27
3235,Togo,2006,39.92
3236,Togo,2007,40.27
3237,Togo,2008,41.44
3238,Togo,2009,42.31
3239,Togo,2010,43.25
3240,Togo,2011,44.11
3241,Togo,2012,45.21
3242,Togo,2013,46.09
3243,Togo,2014,47.09
3244,Togo,2015,49.21
3245,Togo,2016,51.34
3246,Togo,2017,53.4
3247,Togo,2018,54.38
3248,Togo,2019,55.36
3249,Tonga,2001,36.64
3250,Tonga,2002,37.03
3251,Tonga,2003,37.44
3252,Tonga,2004,38.71
3253,Tonga,2005,39.89
3254,Tonga,2006,40.75
3255,Tonga,2007,41.88
3256,Tonga,2008,42.6
3257,Tonga,2009,43.38
3258,Tonga,2010,44.48
3259,Tonga,2011,45.71
3260,Tonga,2012,47.01
3261,Tonga,2013,48.4
3262,Tonga,2014,49.5
3263,Tonga,2015,50.56
3264,Tonga,2016,51.59
3265,Tonga,2017,52.38
3266,Tonga,2018,53.37
3267,Tonga,2019,53.48
3268,Trinidad and Tobago,2001,83.81
3269,Trinidad and Tobago,2002,83.54
3270,Trinidad and Tobago,2003,84.58
3271,Trinidad and Tobago,2004,82.65
3272,Trinidad and Tobago,2005,82.09
3273,Trinidad and Tobago,2006,82.05
3274,Trinidad and Tobago,2007,82.97
3275,Trinidad and Tobago,2008,82.55
3276,Trinidad and Tobago,2009,83.47
3277,Trinidad and Tobago,2010,83.87
3278,Trinidad and Tobago,2011,84.45
3279,Trinidad and Tobago,2012,85.65
3280,Trinidad and Tobago,2013,85.84
3281,Trinidad and Tobago,2014,86.16
3282,Trinidad and Tobago,2015,85.68
3283,Trinidad and Tobago,2016,85.78
3284,Trinidad and Tobago,2017,86.06
3285,Trinidad and Tobago,2018,86.15
3286,Trinidad and Tobago,2019,86.29
3287,Tunisia,2001,42.27
3288,Tunisia,2002,42.95
3289,Tunisia,2003,43.52
3290,Tunisia,2004,44.03
3291,Tunisia,2005,44.59
3292,Tunisia,2006,44.34
3293,Tunisia,2007,45.72
3294,Tunisia,2008,47.09
3295,Tunisia,2009,48.85
3296,Tunisia,2010,47.14
3297,Tunisia,2011,51.56
3298,Tunisia,2012,51.07
3299,Tunisia,2013,54.26
3300,Tunisia,2014,55.51
3301,Tunisia,2015,57.11
3302,Tunisia,2016,56.7
3303,Tunisia,2017,57.24
3304,Tunisia,2018,57.83
3305,Tunisia,2019,58.47
3306,Turkiye,2001,36.15
3307,Turkiye,2002,37.22
3308,Turkiye,2003,37.95
3309,Turkiye,2004,38.28
3310,Turkiye,2005,39.16
3311,Turkiye,2006,40.03
3312,Turkiye,2007,41.24
3313,Turkiye,2008,43.92
3314,Turkiye,2009,46.88
3315,Turkiye,2010,44.85
3316,Turkiye,2011,45.5
3317,Turkiye,2012,47.95
3318,Turkiye,2013,49.05
3319,Turkiye,2014,50.05
3320,Turkiye,2015,52.75
3321,Turkiye,2016,55.43
3322,Turkiye,2017,56.13
3323,Turkiye,2018,57.9
3324,Turkiye,2019,59.1
3325,Turkmenistan,2001,35.81
3326,Turkmenistan,2002,36.05
3327,Turkmenistan,2003,36.64
3328,Turkmenistan,2004,37.24
3329,Turkmenistan,2005,37.99
3330,Turkmenistan,2006,38.32
3331,Turkmenistan,2007,39.08
3332,Turkmenistan,2008,38.65
3333,Turkmenistan,2009,39.3
3334,Turkmenistan,2010,40.01
3335,Turkmenistan,2011,40.36
3336,Turkmenistan,2012,40.87
3337,Turkmenistan,2013,41.48
3338,Turkmenistan,2014,42.08
3339,Turkmenistan,2015,42.81
3340,Turkmenistan,2016,43.27
3341,Turkmenistan,2017,43.82
3342,Turkmenistan,2018,44.43
3343,Turkmenistan,2019,44.97
3344,Uganda,2001,17.57
3345,Uganda,2002,18.11
3346,Uganda,2003,18.77
3347,Uganda,2004,19.23
3348,Uganda,2005,19.77
3349,Uganda,2006,20.4
3350,Uganda,2007,20.89
3351,Uganda,2008,21.58
3352,Uganda,2009,22.35
3353,Uganda,2010,22.62
3354,Uganda,2011,23.38
3355,Uganda,2012,23.96
3356,Uganda,2013,19.31
3357,Uganda,2014,19.07
3358,Uganda,2015,19.24
3359,Uganda,2016,19.28
3360,Uganda,2017,19.37
3361,Uganda,2018,19.6
3362,Uganda,2019,20.04
3363,Ukraine,2001,58.12
3364,Ukraine,2002,58.77
3365,Ukraine,2003,59.6
3366,Ukraine,2004,60.38
3367,Ukraine,2005,61.17
3368,Ukraine,2006,61.97
3369,Ukraine,2007,62.64
3370,Ukraine,2008,63.35
3371,Ukraine,2009,63.85
3372,Ukraine,2010,64.99
3373,Ukraine,2011,65.05
3374,Ukraine,2012,65.77
3375,Ukraine,2013,66.57
3376,Ukraine,2014,72.5
3377,Ukraine,2015,73.01
3378,Ukraine,2016,72.76
3379,Ukraine,2017,73.19
3380,Ukraine,2018,74.06
3381,Ukraine,2019,74.6
3382,United Arab Emirates,2001,87.23
3383,United Arab Emirates,2002,88.13
3384,United Arab Emirates,2003,88.91
3385,United Arab Emirates,2004,89.65
3386,United Arab Emirates,2005,90.38
3387,United Arab Emirates,2006,90.96
3388,United Arab Emirates,2007,91.55
3389,United Arab Emirates,2008,92.07
3390,United Arab Emirates,2009,92.55
3391,United Arab Emirates,2010,92.98
3392,United Arab Emirates,2011,93.3
3393,United Arab Emirates,2012,93.55
3394,United Arab Emirates,2013,93.72
3395,United Arab Emirates,2014,93.85
3396,United Arab Emirates,2015,93.93
3397,United Arab Emirates,2016,94.09
3398,United Arab Emirates,2017,94.31
3399,United Arab Emirates,2018,94.46
3400,United Arab Emirates,2019,94.57
3401,United Kingdom,2001,87.95
3402,United Kingdom,2002,88.5
3403,United Kingdom,2003,89.18
3404,United Kingdom,2004,89.88
3405,United Kingdom,2005,89.89
3406,United Kingdom,2006,89.91
3407,United Kingdom,2007,89.82
3408,United Kingdom,2008,89.86
3409,United Kingdom,2009,91.76
3410,United Kingdom,2010,91.97
3411,United Kingdom,2011,91.83
3412,United Kingdom,2012,91.67
3413,United Kingdom,2013,91.72
3414,United Kingdom,2014,91.35
3415,United Kingdom,2015,91.68
3416,United Kingdom,2016,91.77
3417,United Kingdom,2017,91.68
3418,United Kingdom,2018,91.93
3419,United Kingdom,2019,91.72
3420,United States,2001,87.28
3421,United States,2002,88.19
3422,United States,2003,88.43
3423,United States,2004,88.77
3424,United States,2005,89.0
3425,United States,2006,89.21
3426,United States,2007,89.28
3427,United States,2008,89.72
3428,United States,2009,90.66
3429,United States,2010,90.8
3430,United States,2011,90.51
3431,United States,2012,90.49
3432,United States,2013,90.51
3433,United States,2014,90.44
3434,United States,2015,90.41
3435,United States,2016,90.53
3436,United States,2017,90.54
3437,United States,2018,90.47
3438,United States,2019,90.37
3439,Uruguay,2001,80.68
3440,Uruguay,2002,81.4
3441,Uruguay,2003,81.73
3442,Uruguay,2004,82.07
3443,Uruguay,2005,82.23
3444,Uruguay,2006,82.65
3445,Uruguay,2007,82.89
3446,Uruguay,2008,83.3
3447,Uruguay,2009,83.45
3448,Uruguay,2010,83.09
3449,Uruguay,2011,84.71
3450,Uruguay,2012,85.57
3451,Uruguay,2013,85.47
3452,Uruguay,2014,85.7
3453,Uruguay,2015,85.8
3454,Uruguay,2016,86.82
3455,Uruguay,2017,86.91
3456,Uruguay,2018,87.6
3457,Uruguay,2019,87.57
3458,Uzbekistan,2001,47.96
3459,Uzbekistan,2002,49.45
3460,Uzbekistan,2003,50.91
3461,Uzbekistan,2004,52.32
3462,Uzbekistan,2005,53.78
3463,Uzbekistan,2006,55.24
3464,Uzbekistan,2007,56.76
3465,Uzbekistan,2008,58.22
3466,Uzbekistan,2009,59.68
3467,Uzbekistan,2010,61.16
3468,Uzbekistan,2011,60.84
3469,Uzbekistan,2012,61.6
3470,Uzbekistan,2013,60.92
3471,Uzbekistan,2014,60.52
3472,Uzbekistan,2015,60.42
3473,Uzbekistan,2016,60.56
3474,Uzbekistan,2017,60.16
3475,Uzbekistan,2018,61.17
3476,Uzbekistan,2019,61.93
3477,Vanuatu,2001,26.93
3478,Vanuatu,2002,26.78
3479,Vanuatu,2003,27.57
3480,Vanuatu,2004,28.07
3481,Vanuatu,2005,28.97
3482,Vanuatu,2006,29.76
3483,Vanuatu,2007,31.35
3484,Vanuatu,2008,33.25
3485,Vanuatu,2009,35.22
3486,Vanuatu,2010,29.44
3487,Vanuatu,2011,29.1
3488,Vanuatu,2012,29.18
3489,Vanuatu,2013,29.28
3490,Vanuatu,2014,29.18
3491,Vanuatu,2015,29.53
3492,Vanuatu,2016,29.89
3493,Vanuatu,2017,30.09
3494,Vanuatu,2018,30.38
3495,Vanuatu,2019,30.67
3496,"Venezuela, RB",2001,86.35
3497,"Venezuela, RB",2002,86.67
3498,"Venezuela, RB",2003,86.64
3499,"Venezuela, RB",2004,86.84
3500,"Venezuela, RB",2005,86.7
3501,"Venezuela, RB",2006,86.87
3502,"Venezuela, RB",2007,86.49
3503,"Venezuela, RB",2008,87.01
3504,"Venezuela, RB",2009,87.49
3505,"Venezuela, RB",2010,87.94
3506,"Venezuela, RB",2011,88.15
3507,"Venezuela, RB",2012,88.26
3508,"Venezuela, RB",2013,88.54
3509,"Venezuela, RB",2014,89.02
3510,"Venezuela, RB",2015,89.55
3511,"Venezuela, RB",2016,90.2
3512,"Venezuela, RB",2017,90.82
3513,"Venezuela, RB",2018,91.42
3514,"Venezuela, RB",2019,92.0
3515,Vietnam,2001,23.89
3516,Vietnam,2002,25.17
3517,Vietnam,2003,25.32
3518,Vietnam,2004,26.28
3519,Vietnam,2005,28.26
3520,Vietnam,2006,30.32
3521,Vietnam,2007,32.44
3522,Vietnam,2008,32.6
3523,Vietnam,2009,33.01
3524,Vietnam,2010,31.56
3525,Vietnam,2011,32.49
3526,Vietnam,2012,33.66
3527,Vietnam,2013,34.26
3528,Vietnam,2014,34.38
3529,Vietnam,2015,35.24
3530,Vietnam,2016,35.75
3531,Vietnam,2017,36.72
3532,Vietnam,2018,37.54
3533,Vietnam,2019,38.42
3534,Virgin Islands (U.S.),2001,88.96
3535,Virgin Islands (U.S.),2002,89.24
3536,Virgin Islands (U.S.),2003,89.48
3537,Virgin Islands (U.S.),2004,89.67
3538,Virgin Islands (U.S.),2005,89.84
3539,Virgin Islands (U.S.),2006,90.02
3540,Virgin Islands (U.S.),2007,90.15
3541,Virgin Islands (U.S.),2008,90.29
3542,Virgin Islands (U.S.),2009,90.58
3543,Virgin Islands (U.S.),2010,90.73
3544,Virgin Islands (U.S.),2011,91.0
3545,Virgin Islands (U.S.),2012,91.4
3546,Virgin Islands (U.S.),2013,91.61
3547,Virgin Islands (U.S.),2014,91.77
3548,Virgin Islands (U.S.),2015,91.9
3549,Virgin Islands (U.S.),2016,92.03
3550,Virgin Islands (U.S.),2017,92.2
3551,Virgin Islands (U.S.),2018,92.33
3552,Virgin Islands (U.S.),2019,92.46
3553,West Bank and Gaza,2001,62.94
3554,West Bank and Gaza,2002,61.07
3555,West Bank and Gaza,2003,57.93
3556,West Bank and Gaza,2004,57.6
3557,West Bank and Gaza,2005,58.56
3558,West Bank and Gaza,2006,55.96
3559,West Bank and Gaza,2007,53.4
3560,West Bank and Gaza,2008,63.96
3561,West Bank and Gaza,2009,67.53
3562,West Bank and Gaza,2010,70.82
3563,West Bank and Gaza,2011,69.05
3564,West Bank and Gaza,2012,67.41
3565,West Bank and Gaza,2013,68.81
3566,West Bank and Gaza,2014,68.48
3567,West Bank and Gaza,2015,75.29
3568,West Bank and Gaza,2016,79.24
3569,West Bank and Gaza,2017,80.52
3570,West Bank and Gaza,2018,83.57
3571,West Bank and Gaza,2019,85.6
3572,"Yemen, Rep.",2001,33.97
3573,"Yemen, Rep.",2002,38.78
3574,"Yemen, Rep.",2003,43.76
3575,"Yemen, Rep.",2004,48.86
3576,"Yemen, Rep.",2005,50.22
3577,"Yemen, Rep.",2006,51.94
3578,"Yemen, Rep.",2007,53.6
3579,"Yemen, Rep.",2008,54.97
3580,"Yemen, Rep.",2009,56.35
3581,"Yemen, Rep.",2010,57.54
3582,"Yemen, Rep.",2011,53.5
3583,"Yemen, Rep.",2012,47.68
3584,"Yemen, Rep.",2013,41.38
3585,"Yemen, Rep.",2014,35.9
3586,"Yemen, Rep.",2015,39.25
3587,"Yemen, Rep.",2016,41.18
3588,"Yemen, Rep.",2017,42.77
3589,"Yemen, Rep.",2018,43.72
3590,"Yemen, Rep.",2019,44.64
3591,Zambia,2001,18.57
3592,Zambia,2002,18.25
3593,Zambia,2003,17.96
3594,Zambia,2004,17.67
3595,Zambia,2005,17.37
3596,Zambia,2006,17.45
3597,Zambia,2007,17.59
3598,Zambia,2008,17.74
3599,Zambia,2009,20.77
3600,Zambia,2010,24.31
3601,Zambia,2011,28.33
3602,Zambia,2012,32.9
3603,Zambia,2013,34.66
3604,Zambia,2014,36.04
3605,Zambia,2015,37.31
3606,Zambia,2016,38.45
3607,Zambia,2017,39.33
3608,Zambia,2018,40.23
3609,Zambia,2019,41.04
3610,Zimbabwe,2001,26.18
3611,Zimbabwe,2002,25.96
3612,Zimbabwe,2003,25.21
3613,Zimbabwe,2004,24.49
3614,Zimbabwe,2005,24.33
3615,Zimbabwe,2006,24.52
3616,Zimbabwe,2007,24.94
3617,Zimbabwe,2008,24.02
3618,Zimbabwe,2009,24.47
3619,Zimbabwe,2010,25.25
3620,Zimbabwe,2011,25.3
3621,Zimbabwe,2012,25.84
3622,Zimbabwe,2013,25.85
3623,Zimbabwe,2014,26.14
3624,Zimbabwe,2015,26.56
3625,Zimbabwe,2016,26.99
3626,Zimbabwe,2017,27.74
3627,Zimbabwe,2018,28.51
3628,Zimbabwe,2019,28.59
